profile_id,synthetic_persona,profile_visibility,phone_public,email_public,birthday_public,location_public,realtime_location_sharing,workplace_public,education_public,relationship_public,posts_public,location_tagging,travel_posts,unknown_connections,tag_review_enabled,third_party_apps_reviewed,mfa_enabled,login_alerts_enabled,password_reuse_reported,suspicious_link_awareness,old_posts_reviewed,privacy_settings_reviewed,score_profile_exposure,score_personal_information,score_location_exposure,score_content_exposure,score_connection_risk,score_tagging_risk,score_account_security,score_third_party_apps,score_social_engineering,score_digital_footprint,finding_count,risk_score,risk_level
SYN-00001,casual_sharer,PUBLIC,NOT_SURE,YES,NOT_SURE,YES,YES,YES,YES,NOT_SURE,PRIVATE,ALWAYS,YES,NEVER,NO,SOMETIMES,NO,NO,YES,NO,NOT_SURE,OVER_A_YEAR,70,72,89,37,31,100,94,74,92,68,48,73,CRITICAL
SYN-00002,average_user,FRIENDS,NO,NOT_SURE,NO,YES,SOMETIMES,NOT_SURE,NO,YES,FRIENDS,SOMETIMES,SOMETIMES,ALWAYS,YES,NOT_SURE,YES,YES,NOT_SURE,YES,YES,NEVER,63,25,54,52,100,0,23,65,6,70,29,44,HIGH
SYN-00003,average_user,NOT_SURE,YES,YES,NOT_SURE,YES,SOMETIMES,NO,NO,YES,FRIENDS,SOMETIMES,SOMETIMES,OFTEN,NO,NO,NO,YES,NO,SOMETIMES,SOMETIMES,OVER_A_YEAR,66,68,67,59,50,64,30,71,66,51,40,58,HIGH
SYN-00004,average_user,PUBLIC,NO,NO,NOT_SURE,YES,NOT_SURE,NOT_SURE,NOT_SURE,YES,PRIVATE,SOMETIMES,NO,ALWAYS,YES,SOMETIMES,NO,NO,NOT_SURE,SOMETIMES,NOT_SURE,WITHIN_YEAR,93,43,60,16,82,12,87,57,43,61,40,58,HIGH
SYN-00005,oversharer,NOT_SURE,YES,YES,YES,NOT_SURE,SOMETIMES,YES,YES,YES,FRIENDS,ALWAYS,YES,OFTEN,NO,NOT_SURE,NO,NOT_SURE,YES,NO,NOT_SURE,NEVER,87,100,83,47,51,89,88,89,81,74,48,80,CRITICAL
SYN-00006,average_user,NOT_SURE,YES,NO,NO,YES,NOT_SURE,NOT_SURE,NO,NO,FRIENDS,OFTEN,YES,SOMETIMES,NO,SOMETIMES,YES,NOT_SURE,NOT_SURE,SOMETIMES,SOMETIMES,WITHIN_YEAR,80,39,73,41,56,95,58,67,58,45,41,59,HIGH
SYN-00007,oversharer,NOT_SURE,YES,YES,NOT_SURE,YES,YES,NO,YES,YES,FRIENDS,OFTEN,YES,OFTEN,NO,NO,NO,NOT_SURE,YES,NOT_SURE,NOT_SURE,OVER_A_YEAR,78,74,80,73,78,95,95,71,56,75,47,78,CRITICAL
SYN-00008,casual_sharer,PRIVATE,YES,YES,YES,NOT_SURE,SOMETIMES,NO,NOT_SURE,NOT_SURE,NOT_SURE,ALWAYS,SOMETIMES,OFTEN,NO,SOMETIMES,NO,YES,YES,SOMETIMES,NO,WITHIN_YEAR,30,74,64,61,50,100,74,81,73,76,46,66,HIGH
SYN-00009,oversharer,PUBLIC,NOT_SURE,YES,NOT_SURE,NOT_SURE,NOT_SURE,YES,YES,YES,FRIENDS,OFTEN,YES,OFTEN,NO,NO,NOT_SURE,NOT_SURE,NOT_SURE,SOMETIMES,SOMETIMES,WITHIN_YEAR,90,77,65,67,55,100,75,88,81,51,47,74,CRITICAL
SYN-00010,average_user,FRIENDS,NO,NO,NO,YES,SOMETIMES,NO,NO,NO,FRIENDS,OFTEN,SOMETIMES,SOMETIMES,NOT_SURE,YES,YES,YES,NOT_SURE,SOMETIMES,SOMETIMES,WITHIN_YEAR,46,0,65,28,15,28,23,17,59,19,20,31,MODERATE
SYN-00011,privacy_conscious,FRIENDS,NO,NO,NO,NO,NO,NOT_SURE,NO,NO,FRIENDS,NEVER,SOMETIMES,SOMETIMES,YES,SOMETIMES,YES,NOT_SURE,NO,SOMETIMES,SOMETIMES,WITHIN_YEAR,43,6,20,47,34,8,17,51,63,19,22,29,MODERATE
SYN-00012,privacy_conscious,FRIENDS,NOT_SURE,NO,NO,NO,NO,NO,YES,NO,NOT_SURE,NEVER,NO,OFTEN,YES,YES,YES,YES,NO,SOMETIMES,SOMETIMES,OVER_A_YEAR,13,32,13,43,74,16,0,22,54,52,23,30,MODERATE
SYN-00013,casual_sharer,NOT_SURE,NO,NOT_SURE,NO,YES,SOMETIMES,NO,NOT_SURE,NO,PUBLIC,OFTEN,SOMETIMES,NEVER,NO,SOMETIMES,NOT_SURE,NO,YES,NO,YES,WITHIN_YEAR,27,12,60,92,9,76,77,26,51,7,29,46,HIGH
SYN-00014,average_user,FRIENDS,NOT_SURE,NOT_SURE,YES,NO,SOMETIMES,YES,YES,YES,PRIVATE,SOMETIMES,SOMETIMES,OFTEN,NO,YES,YES,YES,NO,NO,SOMETIMES,OVER_A_YEAR,23,78,46,26,54,56,6,9,57,53,30,41,HIGH
SYN-00015,average_user,NOT_SURE,NOT_SURE,YES,NO,NOT_SURE,NO,YES,YES,NO,FRIENDS,NEVER,SOMETIMES,NEVER,NOT_SURE,SOMETIMES,YES,YES,NOT_SURE,YES,SOMETIMES,NEVER,27,56,18,36,39,48,20,30,43,75,28,36,MODERATE
SYN-00016,privacy_conscious,FRIENDS,NO,NO,NO,NO,SOMETIMES,NO,NO,NO,PRIVATE,NEVER,NOT_SURE,NEVER,YES,YES,YES,YES,NO,YES,YES,WITHIN_3_MONTHS,20,0,22,11,0,0,0,19,18,6,5,9,LOW
SYN-00017,casual_sharer,FRIENDS,NO,NO,NOT_SURE,YES,SOMETIMES,NO,NO,NO,FRIENDS,SOMETIMES,NOT_SURE,SOMETIMES,YES,NOT_SURE,NO,NOT_SURE,YES,SOMETIMES,SOMETIMES,OVER_A_YEAR,43,10,61,33,49,0,89,77,48,65,29,48,HIGH
SYN-00018,casual_sharer,FRIENDS,NOT_SURE,NOT_SURE,NOT_SURE,NO,NO,NOT_SURE,NOT_SURE,YES,FRIENDS,OFTEN,YES,SOMETIMES,NOT_SURE,NO,YES,NOT_SURE,YES,NO,SOMETIMES,WITHIN_YEAR,62,72,44,55,56,80,50,61,81,53,40,60,HIGH
SYN-00019,average_user,NOT_SURE,NO,NO,NOT_SURE,NOT_SURE,SOMETIMES,YES,YES,NO,FRIENDS,SOMETIMES,SOMETIMES,SOMETIMES,YES,YES,NOT_SURE,NO,NOT_SURE,SOMETIMES,SOMETIMES,OVER_A_YEAR,76,28,44,47,28,12,74,9,42,50,32,45,HIGH
SYN-00020,privacy_conscious,PRIVATE,NO,NO,NOT_SURE,NO,SOMETIMES,NO,NO,NO,PRIVATE,SOMETIMES,NO,NEVER,YES,SOMETIMES,YES,YES,NO,YES,YES,WITHIN_3_MONTHS,0,10,23,8,0,0,0,19,0,0,4,7,LOW
SYN-00021,casual_sharer,FRIENDS,YES,NOT_SURE,NOT_SURE,NO,SOMETIMES,YES,NO,NOT_SURE,FRIENDS,OFTEN,NO,SOMETIMES,YES,SOMETIMES,NOT_SURE,NOT_SURE,YES,NO,SOMETIMES,WITHIN_YEAR,27,68,22,39,65,12,78,30,89,46,32,52,HIGH
SYN-00022,oversharer,NOT_SURE,YES,YES,YES,YES,YES,YES,YES,YES,PUBLIC,ALWAYS,YES,ALWAYS,NO,NO,NO,NO,YES,NOT_SURE,NO,NEVER,80,100,93,89,82,92,100,95,84,96,52,92,CRITICAL
SYN-00023,casual_sharer,FRIENDS,NO,NO,YES,NOT_SURE,SOMETIMES,YES,NOT_SURE,NO,PRIVATE,SOMETIMES,SOMETIMES,NEVER,NO,SOMETIMES,NO,YES,NOT_SURE,SOMETIMES,NOT_SURE,WITHIN_YEAR,69,32,49,44,26,84,64,72,47,55,38,51,HIGH
SYN-00024,privacy_conscious,PRIVATE,NO,NO,NO,NO,SOMETIMES,NO,NO,NO,PRIVATE,SOMETIMES,NO,SOMETIMES,YES,YES,YES,YES,NO,SOMETIMES,YES,WITHIN_YEAR,0,0,17,9,28,0,0,0,19,18,5,9,LOW
SYN-00025,average_user,PRIVATE,NO,NOT_SURE,NO,YES,YES,NO,NO,NO,PRIVATE,OFTEN,NOT_SURE,SOMETIMES,YES,NO,YES,YES,NO,SOMETIMES,SOMETIMES,WITHIN_3_MONTHS,20,21,83,34,15,36,0,86,31,28,27,33,MODERATE
SYN-00026,average_user,PRIVATE,NO,NO,NO,NO,NO,NO,NOT_SURE,NO,FRIENDS,SOMETIMES,NO,NEVER,YES,YES,NO,NOT_SURE,NOT_SURE,SOMETIMES,SOMETIMES,WITHIN_YEAR,7,4,6,33,0,0,82,0,37,38,15,23,MODERATE
SYN-00027,oversharer,FRIENDS,YES,NOT_SURE,NO,YES,NOT_SURE,YES,NOT_SURE,YES,PUBLIC,OFTEN,SOMETIMES,OFTEN,NO,SOMETIMES,NO,NO,YES,NOT_SURE,SOMETIMES,OVER_A_YEAR,67,66,67,79,91,65,96,48,78,67,48,75,CRITICAL
SYN-00028,average_user,NOT_SURE,YES,YES,NOT_SURE,NO,NOT_SURE,YES,YES,NOT_SURE,FRIENDS,NEVER,NO,SOMETIMES,YES,SOMETIMES,YES,NO,NOT_SURE,SOMETIMES,YES,WITHIN_YEAR,27,81,21,21,38,0,48,70,26,30,24,39,MODERATE
SYN-00029,average_user,NOT_SURE,YES,NOT_SURE,YES,NO,NO,NO,NO,NOT_SURE,FRIENDS,SOMETIMES,SOMETIMES,SOMETIMES,NO,SOMETIMES,NO,NO,YES,YES,YES,WITHIN_YEAR,50,65,21,39,54,84,94,48,22,7,29,50,HIGH
SYN-00030,oversharer,FRIENDS,YES,YES,YES,YES,YES,YES,YES,YES,PUBLIC,OFTEN,YES,OFTEN,NO,SOMETIMES,NO,NO,NOT_SURE,NOT_SURE,NO,OVER_A_YEAR,76,100,89,100,91,100,69,60,72,72,47,84,CRITICAL
SYN-00031,average_user,FRIENDS,NO,NO,NO,NO,NO,NO,NO,NO,FRIENDS,NEVER,SOMETIMES,SOMETIMES,YES,YES,YES,YES,NO,YES,SOMETIMES,WITHIN_YEAR,13,12,31,28,50,0,0,17,29,30,14,21,MODERATE
SYN-00032,average_user,NOT_SURE,NOT_SURE,NOT_SURE,NOT_SURE,NOT_SURE,SOMETIMES,NOT_SURE,YES,YES,PRIVATE,NEVER,NO,ALWAYS,YES,YES,YES,NO,NOT_SURE,SOMETIMES,SOMETIMES,WITHIN_3_MONTHS,54,75,31,25,68,16,36,0,36,29,29,42,HIGH
SYN-00033,average_user,FRIENDS,NO,NOT_SURE,NO,NOT_SURE,SOMETIMES,NO,YES,NOT_SURE,PRIVATE,SOMETIMES,NOT_SURE,NEVER,YES,NOT_SURE,YES,YES,NOT_SURE,SOMETIMES,SOMETIMES,WITHIN_YEAR,20,21,56,45,12,47,20,50,63,42,31,36,MODERATE
SYN-00034,casual_sharer,PRIVATE,YES,NO,NOT_SURE,NOT_SURE,NOT_SURE,NO,YES,YES,NOT_SURE,OFTEN,NOT_SURE,ALWAYS,NOT_SURE,SOMETIMES,NO,NO,NOT_SURE,NOT_SURE,SOMETIMES,OVER_A_YEAR,60,61,74,61,72,56,77,48,41,65,44,64,HIGH
SYN-00035,privacy_conscious,PRIVATE,NO,NO,NO,NO,NO,NO,NO,NO,NOT_SURE,NEVER,NO,SOMETIMES,YES,SOMETIMES,YES,YES,NO,YES,YES,WITHIN_3_MONTHS,7,0,6,35,28,0,0,19,21,30,9,12,LOW
SYN-00036,average_user,FRIENDS,NO,NO,NO,NO,NO,NO,NO,NO,FRIENDS,SOMETIMES,NO,NEVER,NOT_SURE,NOT_SURE,YES,YES,NOT_SURE,NOT_SURE,SOMETIMES,WITHIN_YEAR,30,0,12,49,22,63,14,49,53,25,16,26,MODERATE
SYN-00037,average_user,FRIENDS,NOT_SURE,YES,NOT_SURE,YES,SOMETIMES,NOT_SURE,YES,NOT_SURE,FRIENDS,OFTEN,NOT_SURE,SOMETIMES,YES,YES,YES,YES,NO,SOMETIMES,NO,OVER_A_YEAR,13,68,61,55,24,36,14,22,48,67,31,42,HIGH
SYN-00038,privacy_conscious,PRIVATE,NO,NO,YES,NOT_SURE,NO,YES,NO,NOT_SURE,PRIVATE,SOMETIMES,NO,SOMETIMES,YES,SOMETIMES,YES,YES,NO,SOMETIMES,SOMETIMES,WITHIN_YEAR,13,34,15,11,15,0,0,28,26,19,11,16,LOW
SYN-00039,average_user,PRIVATE,NO,NO,NOT_SURE,NO,NO,NOT_SURE,NOT_SURE,NOT_SURE,PRIVATE,SOMETIMES,NO,SOMETIMES,YES,SOMETIMES,NOT_SURE,NOT_SURE,NO,SOMETIMES,YES,WITHIN_YEAR,46,27,6,34,41,12,42,36,43,12,25,31,MODERATE
SYN-00040,privacy_conscious,FRIENDS,NO,NO,NO,NO,NO,NO,NO,NO,FRIENDS,NEVER,YES,NEVER,YES,NOT_SURE,NO,NOT_SURE,NOT_SURE,SOMETIMES,SOMETIMES,WITHIN_3_MONTHS,30,12,19,39,18,0,64,36,34,34,19,30,MODERATE
SYN-00041,average_user,FRIENDS,YES,NOT_SURE,NOT_SURE,NO,NOT_SURE,YES,NO,NOT_SURE,FRIENDS,NEVER,YES,SOMETIMES,YES,SOMETIMES,YES,NO,NO,YES,NO,OVER_A_YEAR,30,56,41,48,34,39,22,67,0,71,25,38,MODERATE
SYN-00042,privacy_conscious,PRIVATE,NO,NO,NO,NO,SOMETIMES,NO,NO,NO,PRIVATE,NEVER,SOMETIMES,SOMETIMES,YES,SOMETIMES,YES,NOT_SURE,NO,YES,SOMETIMES,OVER_A_YEAR,0,0,20,0,15,0,17,36,0,29,8,10,LOW
SYN-00043,average_user,PRIVATE,YES,NO,NO,YES,SOMETIMES,NOT_SURE,NOT_SURE,NOT_SURE,FRIENDS,SOMETIMES,YES,OFTEN,YES,NOT_SURE,YES,YES,NO,SOMETIMES,YES,WITHIN_3_MONTHS,53,37,64,33,59,12,14,43,25,10,25,38,MODERATE
SYN-00044,average_user,FRIENDS,NO,NO,NO,NO,NO,NOT_SURE,YES,NO,PUBLIC,OFTEN,NO,SOMETIMES,NOT_SURE,YES,NOT_SURE,NOT_SURE,NO,NO,YES,WITHIN_3_MONTHS,13,13,24,73,37,61,42,23,75,0,25,36,MODERATE
SYN-00045,average_user,PRIVATE,NO,NO,YES,YES,NOT_SURE,NO,NOT_SURE,NOT_SURE,FRIENDS,SOMETIMES,NOT_SURE,OFTEN,YES,SOMETIMES,YES,YES,NO,YES,YES,WITHIN_YEAR,13,28,60,30,59,36,12,34,5,34,22,31,MODERATE
SYN-00046,average_user,PRIVATE,YES,NO,NO,NOT_SURE,SOMETIMES,NOT_SURE,NOT_SURE,NOT_SURE,FRIENDS,NEVER,NOT_SURE,SOMETIMES,NOT_SURE,YES,YES,YES,NO,YES,YES,WITHIN_3_MONTHS,30,37,37,13,59,40,6,19,8,6,17,26,MODERATE
SYN-00047,privacy_conscious,FRIENDS,NOT_SURE,YES,NO,NO,NO,NOT_SURE,NO,NOT_SURE,FRIENDS,NEVER,SOMETIMES,SOMETIMES,YES,YES,YES,YES,NO,YES,YES,WITHIN_3_MONTHS,13,39,9,21,15,0,0,17,26,6,8,16,LOW
SYN-00048,average_user,PRIVATE,NOT_SURE,NO,NO,NO,NO,NO,NOT_SURE,NO,PRIVATE,NEVER,NO,NEVER,NOT_SURE,YES,YES,NOT_SURE,NOT_SURE,SOMETIMES,SOMETIMES,OVER_A_YEAR,13,29,6,8,27,36,34,8,42,47,19,24,MODERATE
SYN-00049,average_user,PRIVATE,NOT_SURE,NOT_SURE,NOT_SURE,NO,NO,NOT_SURE,NO,NO,FRIENDS,OFTEN,SOMETIMES,OFTEN,NO,YES,YES,YES,NO,SOMETIMES,SOMETIMES,WITHIN_3_MONTHS,43,58,29,21,72,40,29,44,52,49,31,43,HIGH
SYN-00050,privacy_conscious,FRIENDS,NO,NO,NO,NO,NO,NO,NO,NO,NOT_SURE,OFTEN,NO,OFTEN,YES,YES,YES,YES,NO,YES,NO,WITHIN_YEAR,33,0,24,43,63,0,0,15,5,42,15,21,MODERATE
SYN-00051,casual_sharer,PRIVATE,NOT_SURE,NOT_SURE,YES,NOT_SURE,YES,YES,NO,NOT_SURE,PRIVATE,SOMETIMES,YES,OFTEN,NOT_SURE,SOMETIMES,YES,YES,NOT_SURE,NOT_SURE,SOMETIMES,WITHIN_3_MONTHS,0,75,74,42,68,56,20,67,80,48,37,53,HIGH
SYN-00052,privacy_conscious,FRIENDS,NO,NO,NO,NO,NO,NO,NO,NO,PRIVATE,SOMETIMES,SOMETIMES,SOMETIMES,YES,SOMETIMES,YES,YES,NO,YES,SOMETIMES,WITHIN_YEAR,37,0,23,9,28,16,0,53,46,25,15,20,LOW
SYN-00053,casual_sharer,FRIENDS,NO,NOT_SURE,NO,NO,YES,NO,NO,NOT_SURE,PUBLIC,SOMETIMES,NO,ALWAYS,NO,SOMETIMES,NO,NOT_SURE,NOT_SURE,SOMETIMES,SOMETIMES,WITHIN_YEAR,42,35,28,76,82,100,86,67,50,50,35,58,HIGH
SYN-00054,casual_sharer,PRIVATE,NOT_SURE,NOT_SURE,NOT_SURE,YES,YES,NOT_SURE,YES,NO,FRIENDS,ALWAYS,SOMETIMES,ALWAYS,NO,NOT_SURE,NOT_SURE,NO,YES,SOMETIMES,SOMETIMES,OVER_A_YEAR,40,65,80,58,91,80,80,68,50,65,43,68,HIGH
SYN-00055,average_user,FRIENDS,NO,NO,NO,YES,NO,NO,NOT_SURE,NOT_SURE,FRIENDS,OFTEN,NO,ALWAYS,YES,SOMETIMES,NO,YES,NOT_SURE,SOMETIMES,NOT_SURE,WITHIN_YEAR,64,23,41,36,81,28,67,28,33,47,31,46,HIGH
SYN-00056,average_user,FRIENDS,NO,NOT_SURE,NOT_SURE,NOT_SURE,NO,NOT_SURE,NOT_SURE,NOT_SURE,FRIENDS,SOMETIMES,SOMETIMES,SOMETIMES,YES,SOMETIMES,YES,YES,NO,NO,SOMETIMES,OVER_A_YEAR,48,35,37,58,56,0,0,77,81,66,33,42,HIGH
SYN-00057,casual_sharer,FRIENDS,NOT_SURE,NOT_SURE,NOT_SURE,NO,SOMETIMES,NOT_SURE,NOT_SURE,NOT_SURE,FRIENDS,SOMETIMES,SOMETIMES,SOMETIMES,NO,NO,NO,NOT_SURE,YES,SOMETIMES,NO,OVER_A_YEAR,53,60,41,57,46,92,95,91,73,93,45,66,HIGH
SYN-00058,average_user,PRIVATE,NOT_SURE,NO,NO,NOT_SURE,SOMETIMES,NOT_SURE,NO,NO,NOT_SURE,ALWAYS,YES,OFTEN,YES,YES,NOT_SURE,NOT_SURE,NO,NO,SOMETIMES,WITHIN_YEAR,20,19,67,64,63,8,28,23,66,30,30,41,HIGH
SYN-00059,casual_sharer,PRIVATE,NOT_SURE,NO,NOT_SURE,NOT_SURE,SOMETIMES,NOT_SURE,NOT_SURE,NOT_SURE,PUBLIC,NEVER,SOMETIMES,SOMETIMES,NO,NOT_SURE,NOT_SURE,NOT_SURE,YES,SOMETIMES,YES,OVER_A_YEAR,23,60,50,75,61,89,69,65,85,45,42,61,HIGH
SYN-00060,average_user,PRIVATE,NOT_SURE,NO,NO,NOT_SURE,NO,NO,NO,NO,FRIENDS,SOMETIMES,SOMETIMES,SOMETIMES,NO,SOMETIMES,NOT_SURE,NOT_SURE,NO,SOMETIMES,SOMETIMES,OVER_A_YEAR,7,12,30,47,50,68,42,36,46,60,28,36,MODERATE
SYN-00061,average_user,NOT_SURE,NOT_SURE,NO,NO,NOT_SURE,SOMETIMES,NO,NO,NO,PRIVATE,SOMETIMES,SOMETIMES,OFTEN,YES,YES,NO,NOT_SURE,YES,YES,YES,OVER_A_YEAR,27,12,43,26,47,8,86,9,57,27,25,39,MODERATE
SYN-00062,privacy_conscious,PRIVATE,NO,NO,NO,NO,NO,NO,NO,NO,FRIENDS,NEVER,SOMETIMES,SOMETIMES,NOT_SURE,SOMETIMES,YES,YES,NO,SOMETIMES,SOMETIMES,WITHIN_3_MONTHS,7,0,23,13,15,56,6,19,19,12,9,14,LOW
SYN-00063,casual_sharer,FRIENDS,NOT_SURE,YES,YES,NOT_SURE,NO,YES,YES,YES,PRIVATE,SOMETIMES,NO,SOMETIMES,YES,SOMETIMES,NOT_SURE,NO,YES,SOMETIMES,SOMETIMES,OVER_A_YEAR,52,92,28,34,37,49,57,51,56,65,34,53,HIGH
SYN-00064,average_user,FRIENDS,NO,NOT_SURE,NOT_SURE,YES,NOT_SURE,NOT_SURE,NO,NOT_SURE,FRIENDS,SOMETIMES,SOMETIMES,NEVER,YES,YES,NOT_SURE,NOT_SURE,NO,YES,SOMETIMES,OVER_A_YEAR,41,31,62,44,48,36,46,0,41,70,32,44,HIGH
SYN-00065,average_user,FRIENDS,NO,NO,NO,NO,SOMETIMES,NO,NO,NO,NOT_SURE,NEVER,NOT_SURE,SOMETIMES,YES,SOMETIMES,NOT_SURE,YES,NO,YES,YES,OVER_A_YEAR,67,0,36,27,15,0,17,36,6,27,14,23,MODERATE
SYN-00066,privacy_conscious,PRIVATE,NO,NO,NO,NO,SOMETIMES,NO,NO,NO,FRIENDS,NEVER,NO,OFTEN,YES,YES,YES,YES,NO,YES,YES,WITHIN_3_MONTHS,10,0,24,48,51,0,6,9,13,10,14,18,LOW
SYN-00067,casual_sharer,FRIENDS,NOT_SURE,YES,YES,YES,SOMETIMES,NOT_SURE,YES,YES,PRIVATE,SOMETIMES,SOMETIMES,NEVER,YES,NO,NOT_SURE,NOT_SURE,YES,SOMETIMES,YES,WITHIN_YEAR,80,88,60,26,35,8,84,100,67,23,40,62,HIGH
SYN-00068,oversharer,PUBLIC,YES,YES,YES,YES,SOMETIMES,NOT_SURE,NOT_SURE,NOT_SURE,PUBLIC,OFTEN,NOT_SURE,ALWAYS,NO,NO,NOT_SURE,NO,YES,SOMETIMES,NO,NEVER,90,81,74,82,66,95,87,67,50,88,46,78,CRITICAL
SYN-00069,casual_sharer,PUBLIC,NO,NO,NO,NO,SOMETIMES,NOT_SURE,NO,NO,PUBLIC,ALWAYS,YES,OFTEN,NOT_SURE,NOT_SURE,YES,NOT_SURE,NOT_SURE,SOMETIMES,SOMETIMES,OVER_A_YEAR,93,19,56,84,69,64,40,65,61,44,41,57,HIGH
SYN-00070,average_user,PUBLIC,NOT_SURE,NO,NO,NO,SOMETIMES,NO,NO,NO,FRIENDS,SOMETIMES,SOMETIMES,NEVER,NOT_SURE,SOMETIMES,NOT_SURE,NO,NO,SOMETIMES,SOMETIMES,WITHIN_3_MONTHS,51,12,40,21,9,28,41,38,42,44,21,32,MODERATE
SYN-00071,oversharer,FRIENDS,YES,YES,YES,YES,SOMETIMES,YES,NOT_SURE,YES,PUBLIC,NEVER,SOMETIMES,OFTEN,NO,NOT_SURE,NO,NO,YES,NO,SOMETIMES,OVER_A_YEAR,76,97,46,89,78,95,96,75,95,75,50,82,CRITICAL
SYN-00072,privacy_conscious,PRIVATE,YES,NOT_SURE,NO,NO,NO,NO,NOT_SURE,NOT_SURE,PRIVATE,NEVER,NO,SOMETIMES,YES,YES,YES,YES,NO,YES,YES,WITHIN_3_MONTHS,0,52,11,18,24,0,0,0,13,6,9,15,LOW
SYN-00073,oversharer,PUBLIC,NOT_SURE,NOT_SURE,YES,YES,YES,NOT_SURE,NOT_SURE,NOT_SURE,PUBLIC,OFTEN,YES,ALWAYS,NO,SOMETIMES,NO,NO,YES,NO,NO,OVER_A_YEAR,90,75,96,74,91,100,96,72,88,80,52,87,CRITICAL
SYN-00074,privacy_conscious,PRIVATE,NO,NO,NO,NO,SOMETIMES,NO,NO,NO,NOT_SURE,NEVER,SOMETIMES,SOMETIMES,YES,NOT_SURE,YES,YES,NO,SOMETIMES,SOMETIMES,OVER_A_YEAR,17,0,20,35,42,0,0,67,37,33,17,21,MODERATE
SYN-00075,average_user,FRIENDS,YES,NOT_SURE,NOT_SURE,YES,YES,NOT_SURE,YES,YES,PRIVATE,SOMETIMES,SOMETIMES,NEVER,NO,SOMETIMES,NOT_SURE,NO,YES,SOMETIMES,SOMETIMES,OVER_A_YEAR,43,83,74,54,27,100,89,51,61,44,39,65,HIGH
SYN-00076,average_user,PRIVATE,YES,YES,YES,NO,SOMETIMES,NO,NOT_SURE,YES,FRIENDS,NEVER,NO,SOMETIMES,YES,SOMETIMES,YES,NOT_SURE,NO,SOMETIMES,YES,WITHIN_3_MONTHS,10,87,11,47,50,20,17,36,69,17,27,38,MODERATE
SYN-00077,average_user,PUBLIC,NOT_SURE,YES,NO,NO,NO,NOT_SURE,NOT_SURE,NOT_SURE,FRIENDS,OFTEN,SOMETIMES,OFTEN,YES,SOMETIMES,YES,YES,NO,YES,YES,OVER_A_YEAR,57,63,35,47,50,0,8,30,21,27,25,36,MODERATE
SYN-00078,casual_sharer,FRIENDS,NO,NOT_SURE,NO,YES,SOMETIMES,NO,YES,NO,PUBLIC,OFTEN,YES,OFTEN,NOT_SURE,SOMETIMES,NOT_SURE,NO,YES,NOT_SURE,NO,NEVER,61,15,85,61,85,83,87,43,83,89,44,68,HIGH
SYN-00079,average_user,FRIENDS,NOT_SURE,NOT_SURE,NO,NOT_SURE,SOMETIMES,NO,NOT_SURE,NOT_SURE,PRIVATE,OFTEN,SOMETIMES,ALWAYS,NO,SOMETIMES,NOT_SURE,NO,YES,NO,NO,WITHIN_3_MONTHS,53,43,46,29,69,68,87,77,85,68,40,61,HIGH
SYN-00080,average_user,PRIVATE,NOT_SURE,NO,NOT_SURE,NOT_SURE,NO,NO,NO,NOT_SURE,FRIENDS,SOMETIMES,NO,SOMETIMES,YES,YES,YES,NO,NO,YES,YES,WITHIN_3_MONTHS,23,41,15,31,50,36,16,32,0,17,18,25,MODERATE
SYN-00081,casual_sharer,NOT_SURE,NOT_SURE,NOT_SURE,NO,NOT_SURE,NOT_SURE,NOT_SURE,YES,NOT_SURE,FRIENDS,SOMETIMES,SOMETIMES,OFTEN,NO,YES,YES,YES,YES,NO,SOMETIMES,WITHIN_YEAR,80,40,60,39,54,81,38,14,69,25,35,51,HIGH
SYN-00082,average_user,PRIVATE,NOT_SURE,NO,NO,YES,SOMETIMES,NOT_SURE,NO,YES,PRIVATE,OFTEN,YES,OFTEN,NO,YES,YES,NOT_SURE,NOT_SURE,SOMETIMES,YES,WITHIN_YEAR,28,41,74,16,72,100,48,38,57,27,36,50,HIGH
SYN-00083,casual_sharer,PUBLIC,YES,NO,NOT_SURE,YES,SOMETIMES,YES,NO,NOT_SURE,NOT_SURE,OFTEN,SOMETIMES,SOMETIMES,YES,SOMETIMES,YES,YES,NO,YES,SOMETIMES,WITHIN_3_MONTHS,78,48,60,72,28,24,6,51,26,35,30,43,HIGH
SYN-00084,oversharer,NOT_SURE,YES,YES,YES,YES,YES,YES,YES,YES,PUBLIC,ALWAYS,SOMETIMES,ALWAYS,NOT_SURE,SOMETIMES,NOT_SURE,YES,YES,SOMETIMES,NO,OVER_A_YEAR,72,100,87,100,72,80,66,51,49,82,48,78,CRITICAL
SYN-00085,casual_sharer,PRIVATE,YES,YES,YES,NO,NOT_SURE,YES,NOT_SURE,YES,FRIENDS,OFTEN,SOMETIMES,SOMETIMES,NOT_SURE,NOT_SURE,NO,NOT_SURE,NOT_SURE,YES,SOMETIMES,OVER_A_YEAR,46,97,54,50,78,55,80,70,54,58,41,67,HIGH
SYN-00086,privacy_conscious,PRIVATE,NO,NO,NO,NO,NO,NO,NO,NO,FRIENDS,SOMETIMES,NOT_SURE,NEVER,YES,SOMETIMES,YES,YES,NO,YES,SOMETIMES,WITHIN_3_MONTHS,10,0,24,30,0,0,0,30,19,17,10,12,LOW
SYN-00087,average_user,FRIENDS,NO,NO,NO,NOT_SURE,SOMETIMES,NO,NO,NO,FRIENDS,ALWAYS,SOMETIMES,OFTEN,NO,SOMETIMES,YES,YES,NO,SOMETIMES,YES,WITHIN_3_MONTHS,23,0,64,44,41,84,8,45,22,11,22,31,MODERATE
SYN-00088,privacy_conscious,PRIVATE,NO,NO,NO,NO,NO,NO,NO,NO,FRIENDS,NEVER,SOMETIMES,SOMETIMES,YES,NO,YES,YES,NO,YES,SOMETIMES,WITHIN_3_MONTHS,20,0,15,39,37,8,8,45,21,31,13,19,LOW
SYN-00089,privacy_conscious,PRIVATE,NO,NO,NO,NO,NO,NO,NO,NO,PRIVATE,NEVER,NO,NEVER,YES,YES,YES,YES,NO,YES,SOMETIMES,WITHIN_3_MONTHS,0,0,7,0,9,0,0,9,26,12,5,6,LOW
SYN-00090,average_user,FRIENDS,NOT_SURE,NOT_SURE,YES,NO,NOT_SURE,YES,YES,NOT_SURE,NOT_SURE,OFTEN,NO,SOMETIMES,NO,SOMETIMES,YES,YES,NOT_SURE,SOMETIMES,YES,WITHIN_3_MONTHS,37,74,43,55,24,84,32,38,43,16,34,45,HIGH
SYN-00091,privacy_conscious,FRIENDS,NO,NO,NO,YES,YES,NO,NOT_SURE,NO,NOT_SURE,OFTEN,YES,NEVER,NO,SOMETIMES,YES,YES,NOT_SURE,SOMETIMES,SOMETIMES,WITHIN_3_MONTHS,13,4,85,53,25,40,14,42,42,12,22,33,MODERATE
SYN-00092,average_user,NOT_SURE,NOT_SURE,NO,NO,YES,SOMETIMES,NOT_SURE,NO,NOT_SURE,NOT_SURE,ALWAYS,SOMETIMES,OFTEN,NOT_SURE,SOMETIMES,YES,NOT_SURE,NO,SOMETIMES,SOMETIMES,WITHIN_YEAR,27,25,70,48,74,77,20,56,35,44,33,44,HIGH
SYN-00093,oversharer,PUBLIC,YES,YES,YES,NOT_SURE,SOMETIMES,YES,YES,YES,PUBLIC,OFTEN,YES,OFTEN,YES,NO,NO,NO,YES,NO,SOMETIMES,OVER_A_YEAR,100,92,72,89,81,49,96,76,100,60,51,85,CRITICAL
SYN-00094,casual_sharer,PUBLIC,NOT_SURE,YES,NOT_SURE,NO,YES,YES,YES,NOT_SURE,PRIVATE,ALWAYS,YES,OFTEN,NOT_SURE,YES,NO,NO,NOT_SURE,NOT_SURE,SOMETIMES,WITHIN_YEAR,96,72,74,28,54,57,72,23,67,30,41,63,HIGH
SYN-00095,average_user,FRIENDS,NOT_SURE,NO,NO,NOT_SURE,SOMETIMES,NOT_SURE,NO,YES,FRIENDS,SOMETIMES,NOT_SURE,SOMETIMES,YES,SOMETIMES,NO,NOT_SURE,NOT_SURE,YES,YES,WITHIN_3_MONTHS,52,29,56,47,41,28,64,26,11,27,27,42,HIGH
SYN-00096,privacy_conscious,FRIENDS,NO,NO,NO,YES,SOMETIMES,NO,NO,NOT_SURE,FRIENDS,NEVER,SOMETIMES,NEVER,YES,YES,YES,YES,NO,NOT_SURE,SOMETIMES,WITHIN_3_MONTHS,13,6,49,39,12,0,0,15,24,17,13,19,LOW
SYN-00097,average_user,NOT_SURE,NO,NOT_SURE,NO,NOT_SURE,SOMETIMES,NO,NOT_SURE,NO,PRIVATE,OFTEN,SOMETIMES,NEVER,YES,SOMETIMES,YES,YES,NOT_SURE,SOMETIMES,SOMETIMES,WITHIN_3_MONTHS,67,12,54,0,0,24,20,19,31,21,22,26,MODERATE
SYN-00098,oversharer,FRIENDS,YES,YES,YES,YES,YES,YES,NOT_SURE,YES,PUBLIC,OFTEN,YES,OFTEN,NO,SOMETIMES,NOT_SURE,NOT_SURE,NOT_SURE,NOT_SURE,NOT_SURE,WITHIN_YEAR,70,97,93,84,63,100,69,62,83,61,49,80,CRITICAL
SYN-00099,average_user,FRIENDS,NO,YES,NOT_SURE,NO,NO,YES,NOT_SURE,YES,PRIVATE,NEVER,NOT_SURE,NEVER,NO,SOMETIMES,NOT_SURE,NO,YES,SOMETIMES,NO,WITHIN_YEAR,27,49,19,30,39,89,82,52,65,36,34,47,HIGH
SYN-00100,oversharer,PUBLIC,NO,YES,YES,YES,SOMETIMES,NOT_SURE,NOT_SURE,YES,NOT_SURE,OFTEN,YES,OFTEN,NOT_SURE,SOMETIMES,NO,NOT_SURE,YES,NO,SOMETIMES,WITHIN_YEAR,100,64,78,61,91,75,88,51,83,60,50,77,CRITICAL
SYN-00101,privacy_conscious,FRIENDS,NO,NO,NO,NO,NO,NO,NO,NO,FRIENDS,NEVER,SOMETIMES,NEVER,YES,SOMETIMES,YES,YES,NOT_SURE,SOMETIMES,SOMETIMES,WITHIN_YEAR,23,0,17,13,0,8,14,36,8,30,10,13,LOW
SYN-00102,privacy_conscious,FRIENDS,YES,NOT_SURE,NOT_SURE,YES,SOMETIMES,YES,YES,NO,FRIENDS,SOMETIMES,NOT_SURE,NEVER,YES,YES,YES,YES,NOT_SURE,SOMETIMES,YES,WITHIN_3_MONTHS,50,69,58,13,25,0,29,8,46,16,22,38,MODERATE
SYN-00103,casual_sharer,FRIENDS,YES,NOT_SURE,NO,YES,NOT_SURE,NO,NOT_SURE,NOT_SURE,FRIENDS,OFTEN,SOMETIMES,SOMETIMES,NO,SOMETIMES,YES,NOT_SURE,NO,YES,SOMETIMES,NEVER,70,39,54,59,46,64,26,47,11,80,32,46,HIGH
SYN-00104,privacy_conscious,PRIVATE,NO,NO,NO,NO,NO,NO,NO,NO,FRIENDS,NEVER,NO,NEVER,YES,YES,YES,NOT_SURE,NO,YES,YES,WITHIN_3_MONTHS,18,0,0,49,22,0,11,22,15,11,11,14,LOW
SYN-00105,average_user,PRIVATE,YES,YES,NO,NO,SOMETIMES,NOT_SURE,NOT_SURE,NOT_SURE,PRIVATE,OFTEN,SOMETIMES,SOMETIMES,YES,SOMETIMES,NOT_SURE,YES,NO,SOMETIMES,SOMETIMES,OVER_A_YEAR,7,63,45,8,37,16,17,44,58,52,27,35,MODERATE
SYN-00106,casual_sharer,NOT_SURE,NOT_SURE,NO,NO,NO,SOMETIMES,NOT_SURE,YES,YES,PUBLIC,ALWAYS,SOMETIMES,SOMETIMES,NO,SOMETIMES,NO,NOT_SURE,YES,NOT_SURE,SOMETIMES,WITHIN_YEAR,87,48,54,95,50,64,84,69,75,56,46,68,HIGH
SYN-00107,average_user,FRIENDS,NO,NOT_SURE,NOT_SURE,NOT_SURE,NOT_SURE,YES,YES,YES,FRIENDS,OFTEN,NOT_SURE,OFTEN,YES,SOMETIMES,NO,NOT_SURE,YES,SOMETIMES,NO,WITHIN_YEAR,13,46,58,30,69,0,74,43,62,61,32,49,HIGH
SYN-00108,casual_sharer,NOT_SURE,NOT_SURE,YES,YES,YES,YES,NOT_SURE,YES,YES,NOT_SURE,ALWAYS,YES,OFTEN,NOT_SURE,SOMETIMES,NO,NO,NO,SOMETIMES,NO,OVER_A_YEAR,53,88,90,65,91,77,54,60,67,85,48,74,CRITICAL
SYN-00109,average_user,FRIENDS,YES,YES,YES,NOT_SURE,SOMETIMES,YES,YES,YES,PUBLIC,SOMETIMES,SOMETIMES,SOMETIMES,NO,SOMETIMES,NOT_SURE,NO,NO,YES,SOMETIMES,OVER_A_YEAR,43,100,49,73,50,48,56,38,11,57,36,56,HIGH
SYN-00110,casual_sharer,FRIENDS,NOT_SURE,YES,YES,NO,NOT_SURE,YES,NOT_SURE,NOT_SURE,PUBLIC,SOMETIMES,YES,ALWAYS,NO,NO,NO,NO,YES,SOMETIMES,SOMETIMES,WITHIN_YEAR,41,77,58,67,78,100,82,95,58,60,43,70,HIGH
SYN-00111,average_user,FRIENDS,NOT_SURE,NOT_SURE,NO,YES,NOT_SURE,NOT_SURE,NO,YES,FRIENDS,OFTEN,YES,OFTEN,YES,SOMETIMES,YES,YES,NO,YES,SOMETIMES,WITHIN_YEAR,30,37,67,36,91,0,6,19,6,33,21,35,MODERATE
SYN-00112,average_user,PUBLIC,NOT_SURE,NOT_SURE,NO,NO,NOT_SURE,NOT_SURE,NO,YES,NOT_SURE,SOMETIMES,SOMETIMES,SOMETIMES,NOT_SURE,SOMETIMES,YES,YES,NO,SOMETIMES,SOMETIMES,WITHIN_YEAR,74,37,42,53,37,28,0,41,63,31,27,40,MODERATE
SYN-00113,casual_sharer,FRIENDS,NO,NO,NO,NOT_SURE,YES,YES,NO,YES,PUBLIC,SOMETIMES,SOMETIMES,SOMETIMES,NO,NO,NO,NOT_SURE,YES,YES,SOMETIMES,OVER_A_YEAR,37,21,61,84,62,100,92,76,69,65,40,63,HIGH
SYN-00114,casual_sharer,PRIVATE,NOT_SURE,NO,YES,NOT_SURE,SOMETIMES,YES,NOT_SURE,YES,FRIENDS,SOMETIMES,SOMETIMES,OFTEN,NOT_SURE,YES,YES,YES,NO,NO,NO,OVER_A_YEAR,27,75,49,47,67,53,18,19,84,66,35,51,HIGH
SYN-00115,oversharer,PRIVATE,YES,NOT_SURE,YES,YES,YES,YES,YES,YES,PUBLIC,OFTEN,YES,ALWAYS,NOT_SURE,NOT_SURE,NO,NO,NOT_SURE,NOT_SURE,SOMETIMES,NEVER,41,94,96,84,64,83,87,52,87,75,48,80,CRITICAL
SYN-00116,casual_sharer,PUBLIC,YES,NOT_SURE,YES,YES,SOMETIMES,YES,YES,YES,NOT_SURE,SOMETIMES,SOMETIMES,SOMETIMES,NOT_SURE,SOMETIMES,NO,NO,YES,NO,SOMETIMES,OVER_A_YEAR,83,94,60,45,62,48,100,36,88,65,44,73,CRITICAL
SYN-00117,oversharer,NOT_SURE,YES,YES,YES,YES,YES,YES,YES,YES,FRIENDS,OFTEN,YES,OFTEN,NOT_SURE,YES,NO,NO,YES,SOMETIMES,YES,WITHIN_YEAR,70,100,96,65,91,80,96,41,81,40,46,83,CRITICAL
SYN-00118,casual_sharer,FRIENDS,NO,NO,NO,YES,SOMETIMES,NO,NOT_SURE,NO,PRIVATE,ALWAYS,SOMETIMES,SOMETIMES,YES,YES,YES,YES,NO,SOMETIMES,SOMETIMES,OVER_A_YEAR,33,4,80,8,41,35,14,48,37,62,26,34,MODERATE
SYN-00119,casual_sharer,NOT_SURE,YES,NOT_SURE,NOT_SURE,NO,NOT_SURE,YES,NO,NOT_SURE,FRIENDS,ALWAYS,NO,OFTEN,NO,SOMETIMES,NOT_SURE,YES,NO,NOT_SURE,SOMETIMES,OVER_A_YEAR,80,68,47,55,91,89,31,64,63,58,42,61,HIGH
SYN-00120,average_user,FRIENDS,NOT_SURE,NO,NO,NO,NO,NO,NOT_SURE,NO,PUBLIC,OFTEN,NO,SOMETIMES,YES,SOMETIMES,YES,YES,NO,SOMETIMES,NOT_SURE,OVER_A_YEAR,69,37,11,84,56,16,0,36,61,57,28,40,MODERATE
SYN-00121,casual_sharer,FRIENDS,NO,NOT_SURE,NOT_SURE,YES,SOMETIMES,NOT_SURE,NOT_SURE,NOT_SURE,NOT_SURE,SOMETIMES,SOMETIMES,SOMETIMES,NO,SOMETIMES,NOT_SURE,NO,YES,SOMETIMES,YES,WITHIN_3_MONTHS,27,35,67,38,37,69,89,41,41,15,32,49,HIGH
SYN-00122,casual_sharer,FRIENDS,NOT_SURE,NO,YES,NOT_SURE,SOMETIMES,NO,NOT_SURE,NOT_SURE,NOT_SURE,ALWAYS,NOT_SURE,SOMETIMES,NO,NOT_SURE,YES,NOT_SURE,YES,SOMETIMES,NO,OVER_A_YEAR,64,40,64,61,56,100,68,65,31,83,43,59,HIGH
SYN-00123,average_user,PRIVATE,NO,NOT_SURE,NO,NO,NO,NO,NO,NOT_SURE,NOT_SURE,NEVER,SOMETIMES,SOMETIMES,YES,NOT_SURE,YES,NOT_SURE,NO,YES,SOMETIMES,OVER_A_YEAR,7,35,9,55,15,8,23,69,19,34,19,25,MODERATE
SYN-00124,privacy_conscious,FRIENDS,NO,NO,NO,NOT_SURE,SOMETIMES,NO,NO,NO,PRIVATE,NEVER,NO,SOMETIMES,YES,SOMETIMES,YES,YES,NO,YES,YES,OVER_A_YEAR,20,0,40,0,41,0,0,19,0,22,8,14,LOW
SYN-00125,privacy_conscious,NOT_SURE,NO,NO,NO,NO,NO,NO,NO,NO,PRIVATE,NEVER,NO,NEVER,YES,YES,YES,YES,NO,SOMETIMES,SOMETIMES,WITHIN_YEAR,20,0,7,11,12,0,8,9,30,50,13,12,LOW
SYN-00126,oversharer,NOT_SURE,NO,NOT_SURE,NOT_SURE,YES,SOMETIMES,YES,NOT_SURE,NOT_SURE,PUBLIC,ALWAYS,SOMETIMES,OFTEN,NO,NO,NO,NO,NOT_SURE,NOT_SURE,NOT_SURE,OVER_A_YEAR,68,60,69,71,78,95,87,72,92,78,50,76,CRITICAL
SYN-00127,casual_sharer,FRIENDS,NOT_SURE,NOT_SURE,NO,YES,YES,YES,NOT_SURE,YES,PUBLIC,OFTEN,YES,OFTEN,YES,SOMETIMES,NO,NO,YES,NO,NOT_SURE,NEVER,42,66,85,89,77,44,90,62,93,93,47,76,CRITICAL
SYN-00128,privacy_conscious,PRIVATE,NO,NOT_SURE,NOT_SURE,NO,NO,NOT_SURE,YES,NO,PRIVATE,SOMETIMES,NO,SOMETIMES,YES,SOMETIMES,YES,YES,NO,YES,YES,WITHIN_YEAR,0,32,12,37,15,0,14,44,35,13,16,20,LOW
SYN-00129,average_user,FRIENDS,NO,YES,NO,NO,NOT_SURE,NOT_SURE,NO,YES,NOT_SURE,SOMETIMES,SOMETIMES,OFTEN,YES,YES,YES,YES,NO,YES,SOMETIMES,OVER_A_YEAR,49,30,34,55,38,40,0,9,13,39,21,30,MODERATE
SYN-00130,oversharer,PUBLIC,YES,YES,YES,YES,SOMETIMES,NOT_SURE,YES,YES,PUBLIC,ALWAYS,NO,ALWAYS,YES,NOT_SURE,NOT_SURE,NOT_SURE,YES,NO,SOMETIMES,NEVER,100,96,48,81,87,28,70,65,88,53,46,75,CRITICAL
SYN-00131,casual_sharer,PUBLIC,YES,YES,YES,NOT_SURE,YES,NOT_SURE,YES,YES,FRIENDS,OFTEN,SOMETIMES,SOMETIMES,YES,NO,YES,YES,YES,SOMETIMES,SOMETIMES,NEVER,89,96,63,59,38,12,32,95,81,88,42,65,HIGH
SYN-00132,casual_sharer,NOT_SURE,YES,YES,NO,NOT_SURE,SOMETIMES,NOT_SURE,YES,NOT_SURE,PUBLIC,NEVER,SOMETIMES,OFTEN,NO,NOT_SURE,NOT_SURE,NO,YES,YES,NOT_SURE,OVER_A_YEAR,66,66,37,68,76,56,81,67,46,73,41,63,HIGH
SYN-00133,oversharer,FRIENDS,YES,YES,YES,YES,NOT_SURE,YES,YES,YES,PUBLIC,ALWAYS,NOT_SURE,ALWAYS,NO,NOT_SURE,NO,NO,NO,NOT_SURE,SOMETIMES,WITHIN_YEAR,80,100,84,84,100,100,76,79,83,59,49,86,CRITICAL
SYN-00134,oversharer,PUBLIC,YES,NOT_SURE,NOT_SURE,YES,NOT_SURE,NOT_SURE,NO,NOT_SURE,PUBLIC,ALWAYS,YES,SOMETIMES,NO,SOMETIMES,NO,NO,YES,NO,NO,OVER_A_YEAR,100,64,80,92,70,100,94,60,83,93,48,83,CRITICAL
SYN-00135,casual_sharer,NOT_SURE,NOT_SURE,NOT_SURE,NOT_SURE,NOT_SURE,NOT_SURE,NOT_SURE,YES,YES,FRIENDS,SOMETIMES,SOMETIMES,NEVER,YES,NOT_SURE,NO,NO,YES,NO,YES,WITHIN_3_MONTHS,71,54,56,65,9,49,96,75,81,10,41,60,HIGH
SYN-00136,privacy_conscious,FRIENDS,NO,NO,NO,NO,NOT_SURE,NO,NO,NO,FRIENDS,OFTEN,SOMETIMES,SOMETIMES,YES,SOMETIMES,YES,YES,NOT_SURE,YES,SOMETIMES,WITHIN_3_MONTHS,43,0,40,13,15,16,14,26,0,21,10,18,LOW
SYN-00137,privacy_conscious,FRIENDS,NO,NO,NO,NO,NO,NO,NO,NO,PRIVATE,SOMETIMES,SOMETIMES,SOMETIMES,NOT_SURE,SOMETIMES,YES,YES,NO,SOMETIMES,YES,OVER_A_YEAR,13,0,15,8,28,40,0,43,29,44,14,16,LOW
SYN-00138,casual_sharer,FRIENDS,NOT_SURE,NOT_SURE,YES,YES,YES,NOT_SURE,YES,NOT_SURE,NOT_SURE,SOMETIMES,NOT_SURE,ALWAYS,NO,SOMETIMES,NO,NOT_SURE,NOT_SURE,NO,NOT_SURE,NEVER,71,78,73,71,87,100,82,60,84,93,50,79,CRITICAL
SYN-00139,casual_sharer,PUBLIC,NOT_SURE,NOT_SURE,NOT_SURE,YES,NOT_SURE,YES,NO,NOT_SURE,NOT_SURE,OFTEN,SOMETIMES,ALWAYS,NOT_SURE,SOMETIMES,NO,NOT_SURE,NOT_SURE,NOT_SURE,YES,OVER_A_YEAR,100,60,62,55,94,52,82,61,46,45,44,68,HIGH
SYN-00140,average_user,PUBLIC,NOT_SURE,NOT_SURE,YES,YES,NOT_SURE,NOT_SURE,YES,NOT_SURE,NOT_SURE,SOMETIMES,SOMETIMES,NEVER,NO,SOMETIMES,NOT_SURE,NO,YES,NOT_SURE,NO,WITHIN_YEAR,91,78,67,61,41,92,75,67,58,76,46,70,HIGH
SYN-00141,casual_sharer,FRIENDS,NOT_SURE,YES,NOT_SURE,NOT_SURE,NOT_SURE,YES,YES,YES,FRIENDS,OFTEN,SOMETIMES,OFTEN,NOT_SURE,SOMETIMES,NO,NOT_SURE,YES,SOMETIMES,NOT_SURE,OVER_A_YEAR,47,85,57,41,63,63,80,30,31,63,38,59,HIGH
SYN-00142,average_user,FRIENDS,YES,NOT_SURE,YES,NO,NO,NO,NOT_SURE,NO,PRIVATE,NEVER,NO,SOMETIMES,YES,SOMETIMES,NOT_SURE,NOT_SURE,NOT_SURE,NOT_SURE,SOMETIMES,WITHIN_YEAR,33,63,0,45,50,24,57,26,47,30,28,40,MODERATE
SYN-00143,privacy_conscious,PRIVATE,NO,NO,NO,NO,NOT_SURE,NO,NO,NO,PRIVATE,NEVER,NOT_SURE,NEVER,NO,SOMETIMES,YES,NOT_SURE,NO,SOMETIMES,YES,WITHIN_3_MONTHS,13,0,43,16,25,68,23,51,19,20,19,24,MODERATE
SYN-00144,average_user,NOT_SURE,YES,NO,YES,NO,NO,NOT_SURE,YES,YES,NOT_SURE,SOMETIMES,YES,NEVER,NO,SOMETIMES,NOT_SURE,NO,NOT_SURE,YES,YES,OVER_A_YEAR,31,82,38,72,12,92,59,51,30,21,31,50,HIGH
SYN-00145,oversharer,PUBLIC,NOT_SURE,YES,NOT_SURE,YES,YES,NOT_SURE,NOT_SURE,NO,PUBLIC,OFTEN,YES,SOMETIMES,NO,NO,NO,NO,YES,NO,SOMETIMES,NEVER,90,68,96,76,72,95,90,100,89,81,50,85,CRITICAL
SYN-00146,oversharer,FRIENDS,YES,NOT_SURE,NOT_SURE,NOT_SURE,NOT_SURE,YES,NOT_SURE,YES,FRIENDS,ALWAYS,YES,OFTEN,NO,SOMETIMES,YES,YES,NO,SOMETIMES,NOT_SURE,NEVER,63,77,81,63,91,95,0,67,51,82,42,63,HIGH
SYN-00147,privacy_conscious,FRIENDS,NO,NOT_SURE,NO,NO,NO,NO,NO,NO,FRIENDS,NEVER,NO,NEVER,YES,YES,YES,YES,NO,YES,SOMETIMES,OVER_A_YEAR,20,8,0,41,0,0,0,15,6,40,9,11,LOW
SYN-00148,privacy_conscious,FRIENDS,NO,NO,NO,NO,NO,NO,NO,NO,FRIENDS,NEVER,SOMETIMES,NEVER,YES,YES,YES,YES,NO,YES,YES,WITHIN_3_MONTHS,20,0,23,31,0,0,0,8,6,0,4,10,LOW
SYN-00149,casual_sharer,FRIENDS,YES,YES,NOT_SURE,YES,SOMETIMES,YES,YES,YES,FRIENDS,SOMETIMES,NOT_SURE,NEVER,NO,SOMETIMES,NO,NOT_SURE,YES,NOT_SURE,NO,WITHIN_YEAR,59,93,58,65,55,95,92,19,32,71,38,67,HIGH
SYN-00150,casual_sharer,NOT_SURE,NOT_SURE,YES,YES,YES,SOMETIMES,NOT_SURE,YES,YES,NOT_SURE,ALWAYS,YES,OFTEN,NO,SOMETIMES,NO,NOT_SURE,NO,SOMETIMES,SOMETIMES,OVER_A_YEAR,20,88,89,69,74,100,35,61,52,68,41,65,HIGH
SYN-00151,oversharer,NOT_SURE,YES,YES,YES,YES,YES,NO,YES,NOT_SURE,PUBLIC,ALWAYS,NOT_SURE,ALWAYS,NOT_SURE,NO,NO,NOT_SURE,YES,NOT_SURE,NO,OVER_A_YEAR,77,65,89,100,78,75,89,76,95,90,50,84,CRITICAL
SYN-00152,average_user,FRIENDS,NOT_SURE,YES,NOT_SURE,NOT_SURE,NO,NO,NO,NOT_SURE,FRIENDS,NEVER,NO,ALWAYS,YES,SOMETIMES,YES,NOT_SURE,NO,YES,SOMETIMES,WITHIN_3_MONTHS,43,43,16,39,72,20,17,36,19,12,23,32,MODERATE
SYN-00153,casual_sharer,FRIENDS,YES,NOT_SURE,NO,NO,NOT_SURE,NOT_SURE,NOT_SURE,NOT_SURE,PUBLIC,OFTEN,NO,SOMETIMES,NOT_SURE,YES,NO,NO,YES,NO,SOMETIMES,WITHIN_3_MONTHS,73,58,32,75,59,36,94,24,75,29,39,60,HIGH
SYN-00154,oversharer,PUBLIC,YES,YES,YES,NOT_SURE,YES,YES,YES,NOT_SURE,PUBLIC,OFTEN,SOMETIMES,OFTEN,NOT_SURE,NO,NO,NOT_SURE,YES,NO,SOMETIMES,NEVER,96,96,75,71,78,88,95,78,79,72,52,84,CRITICAL
SYN-00155,average_user,PRIVATE,NOT_SURE,NO,YES,YES,SOMETIMES,NOT_SURE,NO,NO,FRIENDS,NEVER,SOMETIMES,SOMETIMES,YES,SOMETIMES,YES,YES,YES,YES,SOMETIMES,OVER_A_YEAR,37,48,43,31,70,36,42,67,6,63,32,43,HIGH
SYN-00156,average_user,FRIENDS,NO,NO,NOT_SURE,NO,SOMETIMES,NOT_SURE,NO,NO,NOT_SURE,SOMETIMES,SOMETIMES,NEVER,YES,NO,NO,NOT_SURE,YES,YES,YES,WITHIN_YEAR,23,17,49,64,12,20,76,60,8,20,23,37,MODERATE
SYN-00157,oversharer,PUBLIC,NOT_SURE,NO,NOT_SURE,NO,SOMETIMES,NOT_SURE,NOT_SURE,YES,PUBLIC,OFTEN,SOMETIMES,ALWAYS,NO,SOMETIMES,YES,NO,NOT_SURE,NOT_SURE,SOMETIMES,NEVER,90,56,54,85,83,95,36,72,87,85,47,69,HIGH
SYN-00158,casual_sharer,NOT_SURE,NO,NOT_SURE,NO,NOT_SURE,NOT_SURE,NOT_SURE,YES,YES,PRIVATE,OFTEN,NO,SOMETIMES,YES,NOT_SURE,YES,YES,NO,SOMETIMES,SOMETIMES,OVER_A_YEAR,37,44,39,34,24,44,6,54,34,51,28,34,MODERATE
SYN-00159,average_user,FRIENDS,NO,NO,NO,NOT_SURE,SOMETIMES,NO,NO,NOT_SURE,FRIENDS,SOMETIMES,NOT_SURE,OFTEN,YES,SOMETIMES,NO,YES,NO,NOT_SURE,YES,WITHIN_3_MONTHS,13,6,52,13,56,36,24,41,61,10,19,31,MODERATE
SYN-00160,casual_sharer,PUBLIC,NO,NOT_SURE,NO,YES,YES,NO,NO,NO,FRIENDS,OFTEN,NOT_SURE,OFTEN,NOT_SURE,YES,NOT_SURE,YES,NOT_SURE,SOMETIMES,SOMETIMES,NEVER,91,21,85,71,63,48,46,24,47,63,39,57,HIGH
SYN-00161,casual_sharer,FRIENDS,NOT_SURE,NOT_SURE,YES,YES,NOT_SURE,NO,NOT_SURE,NOT_SURE,PUBLIC,OFTEN,YES,SOMETIMES,NO,SOMETIMES,NOT_SURE,YES,NOT_SURE,NO,SOMETIMES,NEVER,30,61,71,94,24,87,49,67,92,80,42,63,HIGH
SYN-00162,average_user,FRIENDS,NO,NOT_SURE,NO,NOT_SURE,NO,NO,NO,NO,PRIVATE,ALWAYS,SOMETIMES,NEVER,NO,SOMETIMES,YES,YES,NOT_SURE,NOT_SURE,YES,OVER_A_YEAR,30,8,46,8,9,100,14,52,37,34,22,28,MODERATE
SYN-00163,oversharer,PUBLIC,NOT_SURE,YES,YES,NOT_SURE,NO,YES,YES,YES,PUBLIC,SOMETIMES,NO,ALWAYS,NO,NOT_SURE,NO,NOT_SURE,YES,NO,NOT_SURE,OVER_A_YEAR,100,83,37,82,88,100,95,59,100,81,49,81,CRITICAL
SYN-00164,average_user,PRIVATE,NO,NO,NO,NOT_SURE,NO,NO,NO,NO,FRIENDS,SOMETIMES,SOMETIMES,ALWAYS,YES,SOMETIMES,NO,NO,NOT_SURE,YES,SOMETIMES,WITHIN_3_MONTHS,28,0,37,39,88,28,66,51,29,22,24,39,MODERATE
SYN-00165,casual_sharer,FRIENDS,YES,NOT_SURE,NO,YES,SOMETIMES,YES,NO,YES,FRIENDS,ALWAYS,NOT_SURE,SOMETIMES,YES,NO,YES,YES,NO,NOT_SURE,SOMETIMES,WITHIN_YEAR,30,70,78,65,50,52,12,77,60,60,35,54,HIGH
SYN-00166,oversharer,PUBLIC,NOT_SURE,NOT_SURE,NOT_SURE,NO,NO,YES,NOT_SURE,YES,PUBLIC,SOMETIMES,SOMETIMES,ALWAYS,NO,NO,NO,NO,YES,SOMETIMES,NOT_SURE,NEVER,96,68,34,84,89,100,100,85,81,78,50,78,CRITICAL
SYN-00167,average_user,PRIVATE,NO,NOT_SURE,NO,NO,NO,YES,NOT_SURE,NOT_SURE,NOT_SURE,NEVER,NO,NEVER,YES,YES,YES,YES,NO,YES,NOT_SURE,WITHIN_YEAR,22,29,0,45,22,0,0,0,11,40,14,16,LOW
SYN-00168,casual_sharer,PUBLIC,YES,YES,YES,NOT_SURE,SOMETIMES,YES,YES,YES,FRIENDS,SOMETIMES,YES,SOMETIMES,NOT_SURE,SOMETIMES,NOT_SURE,YES,YES,SOMETIMES,YES,OVER_A_YEAR,96,100,59,31,62,88,77,67,71,44,42,71,CRITICAL
SYN-00169,average_user,PRIVATE,NOT_SURE,NO,YES,NO,NOT_SURE,NOT_SURE,YES,YES,NOT_SURE,NEVER,NOT_SURE,NEVER,YES,SOMETIMES,NOT_SURE,YES,NO,SOMETIMES,SOMETIMES,WITHIN_YEAR,27,66,32,36,35,20,17,43,22,35,28,34,MODERATE
SYN-00170,casual_sharer,FRIENDS,YES,NOT_SURE,YES,YES,YES,NOT_SURE,YES,YES,FRIENDS,OFTEN,SOMETIMES,OFTEN,YES,SOMETIMES,NOT_SURE,NO,NOT_SURE,SOMETIMES,SOMETIMES,OVER_A_YEAR,63,90,87,64,72,25,65,61,34,73,42,68,HIGH
SYN-00171,casual_sharer,PUBLIC,NOT_SURE,NOT_SURE,YES,YES,YES,YES,NOT_SURE,NO,PUBLIC,ALWAYS,SOMETIMES,ALWAYS,NOT_SURE,SOMETIMES,NOT_SURE,NO,NOT_SURE,NOT_SURE,SOMETIMES,OVER_A_YEAR,100,52,83,100,100,88,74,61,66,65,48,79,CRITICAL
SYN-00172,casual_sharer,FRIENDS,YES,NOT_SURE,NOT_SURE,YES,SOMETIMES,NOT_SURE,YES,NO,FRIENDS,ALWAYS,SOMETIMES,OFTEN,NO,SOMETIMES,YES,NO,YES,YES,YES,WITHIN_YEAR,50,65,70,57,78,68,76,51,46,39,39,63,HIGH
SYN-00173,privacy_conscious,PRIVATE,NO,NO,NO,NO,SOMETIMES,NO,NO,NO,PRIVATE,SOMETIMES,SOMETIMES,SOMETIMES,YES,YES,YES,YES,NO,YES,SOMETIMES,WITHIN_3_MONTHS,13,0,40,28,28,28,6,0,0,29,13,17,LOW
SYN-00174,privacy_conscious,FRIENDS,NOT_SURE,NO,NO,NOT_SURE,SOMETIMES,NO,NOT_SURE,NOT_SURE,FRIENDS,OFTEN,SOMETIMES,NEVER,YES,YES,YES,YES,NO,YES,YES,OVER_A_YEAR,13,23,55,36,26,0,0,0,0,22,14,20,LOW
SYN-00175,privacy_conscious,FRIENDS,NO,NOT_SURE,NO,NO,NO,NO,NO,NO,FRIENDS,SOMETIMES,NO,SOMETIMES,YES,YES,YES,YES,NOT_SURE,SOMETIMES,YES,WITHIN_3_MONTHS,13,8,6,28,28,0,14,32,13,22,10,15,LOW
SYN-00176,casual_sharer,PUBLIC,NO,YES,NO,YES,SOMETIMES,NOT_SURE,NOT_SURE,NOT_SURE,FRIENDS,OFTEN,NO,OFTEN,YES,SOMETIMES,NO,NO,YES,SOMETIMES,SOMETIMES,WITHIN_3_MONTHS,90,30,56,73,81,28,100,36,88,41,41,66,HIGH
SYN-00177,privacy_conscious,PRIVATE,NO,NOT_SURE,NOT_SURE,NO,SOMETIMES,NO,NOT_SURE,NO,PRIVATE,SOMETIMES,NOT_SURE,SOMETIMES,YES,YES,YES,YES,NO,SOMETIMES,YES,WITHIN_YEAR,0,23,34,0,15,0,6,0,21,13,8,14,LOW
SYN-00178,average_user,PRIVATE,NO,NOT_SURE,NO,NOT_SURE,SOMETIMES,YES,YES,NO,FRIENDS,OFTEN,SOMETIMES,SOMETIMES,YES,YES,NO,YES,NOT_SURE,SOMETIMES,YES,WITHIN_3_MONTHS,0,26,46,25,50,0,53,17,63,6,20,34,MODERATE
SYN-00179,casual_sharer,FRIENDS,YES,YES,YES,NO,YES,NOT_SURE,YES,YES,PRIVATE,SOMETIMES,NO,SOMETIMES,NOT_SURE,SOMETIMES,NOT_SURE,NO,NOT_SURE,SOMETIMES,SOMETIMES,WITHIN_3_MONTHS,60,96,36,17,66,75,80,62,71,51,41,63,HIGH
SYN-00180,average_user,FRIENDS,NOT_SURE,NOT_SURE,NOT_SURE,NO,SOMETIMES,NOT_SURE,NO,NO,FRIENDS,SOMETIMES,SOMETIMES,NEVER,YES,SOMETIMES,YES,YES,NO,SOMETIMES,SOMETIMES,WITHIN_3_MONTHS,44,37,41,41,0,0,6,28,46,18,20,28,MODERATE
SYN-00181,casual_sharer,FRIENDS,NO,NO,NO,YES,SOMETIMES,NO,NO,NO,PUBLIC,SOMETIMES,YES,NEVER,NO,YES,NOT_SURE,NOT_SURE,NO,SOMETIMES,YES,WITHIN_YEAR,64,0,76,73,19,95,36,41,34,42,30,45,HIGH
SYN-00182,average_user,PRIVATE,YES,YES,NOT_SURE,NOT_SURE,SOMETIMES,YES,YES,NO,NOT_SURE,SOMETIMES,NO,NEVER,NOT_SURE,NO,NO,YES,YES,YES,SOMETIMES,WITHIN_YEAR,21,83,39,27,0,56,48,86,21,48,27,42,HIGH
SYN-00183,oversharer,PUBLIC,YES,YES,YES,YES,SOMETIMES,YES,YES,NOT_SURE,FRIENDS,ALWAYS,NOT_SURE,OFTEN,NOT_SURE,NO,NOT_SURE,YES,NO,NOT_SURE,NO,NEVER,91,88,76,49,76,61,35,79,65,84,43,69,HIGH
SYN-00184,oversharer,FRIENDS,NOT_SURE,YES,YES,YES,NOT_SURE,NOT_SURE,YES,NOT_SURE,PUBLIC,ALWAYS,NOT_SURE,ALWAYS,NO,NOT_SURE,NO,NOT_SURE,YES,NO,SOMETIMES,NEVER,63,83,75,89,88,68,92,77,75,69,46,80,CRITICAL
SYN-00185,oversharer,NOT_SURE,YES,YES,YES,YES,NOT_SURE,YES,YES,YES,FRIENDS,OFTEN,NOT_SURE,OFTEN,NO,NOT_SURE,NO,NO,YES,SOMETIMES,NO,WITHIN_YEAR,73,100,69,56,76,84,93,43,74,63,47,77,CRITICAL
SYN-00186,oversharer,PUBLIC,YES,YES,YES,YES,SOMETIMES,YES,YES,YES,PUBLIC,OFTEN,YES,OFTEN,NO,SOMETIMES,NO,NO,NO,SOMETIMES,NOT_SURE,WITHIN_YEAR,89,100,85,92,85,92,70,61,81,46,47,83,CRITICAL
SYN-00187,oversharer,PUBLIC,NO,NO,NOT_SURE,NOT_SURE,NOT_SURE,NOT_SURE,NOT_SURE,NOT_SURE,PUBLIC,SOMETIMES,NOT_SURE,ALWAYS,NO,NO,NOT_SURE,YES,NOT_SURE,NO,NO,WITHIN_YEAR,96,27,50,89,78,89,43,61,86,70,41,64,HIGH
SYN-00188,privacy_conscious,PRIVATE,NO,NO,NO,NO,NO,NO,NOT_SURE,NOT_SURE,PRIVATE,NEVER,YES,SOMETIMES,YES,SOMETIMES,YES,YES,NO,YES,YES,WITHIN_3_MONTHS,10,10,24,20,37,0,0,19,6,6,10,14,LOW
SYN-00189,average_user,FRIENDS,YES,NOT_SURE,YES,NO,SOMETIMES,YES,NOT_SURE,NOT_SURE,FRIENDS,NEVER,NOT_SURE,NEVER,YES,NOT_SURE,NOT_SURE,NOT_SURE,NO,YES,SOMETIMES,NEVER,43,88,36,36,27,0,57,50,23,59,32,46,HIGH
SYN-00190,oversharer,FRIENDS,NOT_SURE,NO,NO,YES,YES,YES,YES,NOT_SURE,PUBLIC,SOMETIMES,SOMETIMES,SOMETIMES,YES,SOMETIMES,NOT_SURE,NOT_SURE,YES,SOMETIMES,SOMETIMES,NEVER,80,57,71,95,72,60,75,69,73,85,46,73,CRITICAL
SYN-00191,oversharer,FRIENDS,YES,YES,NOT_SURE,YES,SOMETIMES,YES,YES,YES,PUBLIC,SOMETIMES,SOMETIMES,ALWAYS,NO,NO,NO,NO,NOT_SURE,NOT_SURE,NO,NEVER,67,93,54,100,85,95,81,91,70,100,48,81,CRITICAL
SYN-00192,casual_sharer,FRIENDS,NOT_SURE,YES,YES,YES,SOMETIMES,YES,YES,YES,PUBLIC,OFTEN,SOMETIMES,NEVER,NOT_SURE,NO,NO,NO,YES,NO,NO,OVER_A_YEAR,47,92,61,92,50,56,100,81,79,82,46,76,CRITICAL
SYN-00193,casual_sharer,NOT_SURE,NO,NO,NO,NOT_SURE,SOMETIMES,NO,NO,NO,FRIENDS,OFTEN,SOMETIMES,OFTEN,NO,SOMETIMES,NOT_SURE,NO,NO,SOMETIMES,NO,NEVER,80,0,54,47,63,68,47,26,47,100,36,49,HIGH
SYN-00194,average_user,NOT_SURE,NO,NO,NO,NOT_SURE,SOMETIMES,YES,NO,NO,NOT_SURE,NEVER,SOMETIMES,SOMETIMES,NOT_SURE,SOMETIMES,YES,YES,NO,YES,YES,OVER_A_YEAR,37,10,48,58,37,28,8,34,32,41,24,31,MODERATE
SYN-00195,privacy_conscious,NOT_SURE,NOT_SURE,NOT_SURE,YES,NO,SOMETIMES,NOT_SURE,YES,NOT_SURE,NOT_SURE,NEVER,SOMETIMES,NEVER,NO,SOMETIMES,YES,YES,NO,SOMETIMES,YES,WITHIN_YEAR,30,70,26,72,0,56,8,60,29,7,24,35,MODERATE
SYN-00196,average_user,PUBLIC,NOT_SURE,YES,YES,NOT_SURE,NOT_SURE,NOT_SURE,NO,NO,PUBLIC,OFTEN,NO,OFTEN,YES,SOMETIMES,NO,NOT_SURE,YES,SOMETIMES,NOT_SURE,WITHIN_3_MONTHS,89,50,54,66,59,60,86,60,71,39,40,65,HIGH
SYN-00197,oversharer,PUBLIC,NOT_SURE,NO,NOT_SURE,NOT_SURE,YES,NOT_SURE,NOT_SURE,YES,FRIENDS,OFTEN,YES,OFTEN,NOT_SURE,NOT_SURE,NO,NO,YES,SOMETIMES,NOT_SURE,WITHIN_3_MONTHS,100,64,74,59,85,83,96,77,62,45,45,76,CRITICAL
SYN-00198,privacy_conscious,PRIVATE,NO,NO,NOT_SURE,NO,SOMETIMES,NO,NO,NO,FRIENDS,SOMETIMES,NO,NEVER,YES,YES,NOT_SURE,YES,NO,SOMETIMES,YES,NEVER,0,10,17,13,0,0,17,0,14,34,6,11,LOW
SYN-00199,average_user,NOT_SURE,NO,YES,NOT_SURE,NOT_SURE,SOMETIMES,NO,NOT_SURE,NO,FRIENDS,OFTEN,SOMETIMES,SOMETIMES,NOT_SURE,NO,YES,YES,NO,NOT_SURE,YES,WITHIN_YEAR,33,49,60,41,38,36,0,81,57,13,27,40,MODERATE
SYN-00200,privacy_conscious,FRIENDS,NO,NO,NO,NO,SOMETIMES,NO,NO,NO,PRIVATE,SOMETIMES,SOMETIMES,NEVER,YES,YES,YES,YES,NO,YES,YES,WITHIN_YEAR,13,0,26,0,0,0,0,17,14,18,5,8,LOW
SYN-00201,casual_sharer,FRIENDS,NO,YES,YES,YES,SOMETIMES,NO,NO,YES,FRIENDS,ALWAYS,SOMETIMES,SOMETIMES,NOT_SURE,SOMETIMES,YES,YES,YES,NO,NO,OVER_A_YEAR,50,54,63,33,50,64,50,42,89,69,39,56,HIGH
SYN-00202,oversharer,NOT_SURE,YES,YES,YES,YES,YES,YES,YES,YES,FRIENDS,SOMETIMES,NOT_SURE,ALWAYS,NO,SOMETIMES,NO,NO,YES,YES,NO,NEVER,82,100,75,60,88,89,100,77,43,96,46,82,CRITICAL
SYN-00203,casual_sharer,FRIENDS,YES,YES,YES,NOT_SURE,SOMETIMES,YES,YES,YES,PUBLIC,ALWAYS,NOT_SURE,NEVER,NOT_SURE,NO,NOT_SURE,NO,YES,SOMETIMES,NO,NEVER,20,100,64,84,41,72,77,71,51,89,43,67,HIGH
SYN-00204,casual_sharer,PRIVATE,NOT_SURE,YES,YES,YES,NOT_SURE,YES,YES,YES,PUBLIC,ALWAYS,NOT_SURE,ALWAYS,NO,SOMETIMES,NOT_SURE,NO,YES,YES,NO,OVER_A_YEAR,36,83,73,68,91,76,93,62,69,86,46,75,CRITICAL
SYN-00205,average_user,FRIENDS,NO,NO,NO,NOT_SURE,SOMETIMES,NO,NO,NO,NOT_SURE,SOMETIMES,NO,SOMETIMES,NO,NOT_SURE,NOT_SURE,YES,YES,YES,SOMETIMES,WITHIN_YEAR,50,0,39,19,42,100,73,65,0,30,24,38,MODERATE
SYN-00206,average_user,FRIENDS,YES,NOT_SURE,NOT_SURE,NOT_SURE,SOMETIMES,YES,YES,NO,PRIVATE,NEVER,SOMETIMES,OFTEN,YES,NO,NOT_SURE,YES,YES,YES,SOMETIMES,WITHIN_YEAR,30,69,55,34,38,0,66,86,46,36,33,49,HIGH
SYN-00207,average_user,NOT_SURE,YES,NOT_SURE,NOT_SURE,NO,SOMETIMES,NOT_SURE,NOT_SURE,YES,FRIENDS,NEVER,SOMETIMES,OFTEN,NO,NOT_SURE,NOT_SURE,NOT_SURE,NO,YES,SOMETIMES,WITHIN_YEAR,66,72,34,33,72,100,42,58,17,63,37,52,HIGH
SYN-00208,oversharer,PUBLIC,NOT_SURE,YES,YES,NOT_SURE,NOT_SURE,NOT_SURE,YES,YES,PUBLIC,OFTEN,SOMETIMES,ALWAYS,NO,NOT_SURE,NOT_SURE,NOT_SURE,YES,SOMETIMES,NO,OVER_A_YEAR,91,88,66,100,100,60,84,89,80,88,52,85,CRITICAL
SYN-00209,casual_sharer,PUBLIC,YES,NOT_SURE,NOT_SURE,NOT_SURE,SOMETIMES,NOT_SURE,YES,YES,FRIENDS,ALWAYS,NOT_SURE,SOMETIMES,NO,SOMETIMES,NO,NO,YES,SOMETIMES,SOMETIMES,WITHIN_YEAR,100,83,72,57,37,100,94,48,62,50,45,73,CRITICAL
SYN-00210,casual_sharer,FRIENDS,YES,NOT_SURE,YES,YES,SOMETIMES,NO,NOT_SURE,YES,FRIENDS,OFTEN,NOT_SURE,ALWAYS,NOT_SURE,SOMETIMES,NOT_SURE,NO,YES,NOT_SURE,SOMETIMES,NEVER,52,73,69,48,87,56,80,57,67,80,46,68,HIGH
SYN-00211,oversharer,PUBLIC,NOT_SURE,YES,YES,YES,YES,YES,YES,YES,NOT_SURE,ALWAYS,YES,ALWAYS,NO,NO,NO,NO,YES,NO,NO,OVER_A_YEAR,100,92,100,77,88,100,100,79,93,85,52,93,CRITICAL
SYN-00212,average_user,PRIVATE,NO,YES,NO,NOT_SURE,SOMETIMES,NO,NO,NO,NOT_SURE,SOMETIMES,NOT_SURE,SOMETIMES,NO,YES,NO,NOT_SURE,NO,YES,SOMETIMES,WITHIN_YEAR,0,14,57,45,37,60,44,41,45,35,25,37,MODERATE
SYN-00213,average_user,FRIENDS,NO,YES,NO,NO,SOMETIMES,YES,NO,NO,FRIENDS,NEVER,NO,SOMETIMES,NO,SOMETIMES,NOT_SURE,YES,NOT_SURE,NO,YES,WITHIN_3_MONTHS,40,37,32,41,46,92,52,19,64,11,25,43,HIGH
SYN-00214,oversharer,PUBLIC,YES,YES,YES,YES,SOMETIMES,YES,YES,NOT_SURE,FRIENDS,SOMETIMES,NOT_SURE,SOMETIMES,NOT_SURE,NO,YES,NO,YES,SOMETIMES,NO,OVER_A_YEAR,100,96,69,76,72,88,58,86,75,84,45,79,CRITICAL
SYN-00215,average_user,NOT_SURE,NOT_SURE,NO,YES,NO,NO,NO,NOT_SURE,NOT_SURE,FRIENDS,NEVER,NO,SOMETIMES,NO,SOMETIMES,YES,YES,NO,SOMETIMES,NOT_SURE,NEVER,27,52,11,49,46,89,0,58,38,60,27,36,MODERATE
SYN-00216,privacy_conscious,PRIVATE,NO,NO,NOT_SURE,NOT_SURE,SOMETIMES,NO,YES,NOT_SURE,FRIENDS,SOMETIMES,SOMETIMES,SOMETIMES,YES,SOMETIMES,NO,YES,NO,YES,YES,WITHIN_YEAR,13,23,35,33,37,20,30,30,8,12,18,25,MODERATE
SYN-00217,average_user,PRIVATE,NO,NO,NO,NOT_SURE,NO,NO,NO,NO,FRIENDS,SOMETIMES,SOMETIMES,NEVER,YES,YES,NOT_SURE,YES,NO,SOMETIMES,SOMETIMES,WITHIN_3_MONTHS,7,0,31,57,13,0,23,9,63,23,17,24,MODERATE
SYN-00218,average_user,NOT_SURE,NOT_SURE,NO,YES,YES,SOMETIMES,NO,YES,NOT_SURE,FRIENDS,ALWAYS,SOMETIMES,SOMETIMES,NOT_SURE,SOMETIMES,YES,NO,NOT_SURE,YES,SOMETIMES,WITHIN_3_MONTHS,33,55,65,51,37,44,45,51,38,17,31,46,HIGH
SYN-00219,privacy_conscious,FRIENDS,NO,NO,NO,NO,NO,NO,NO,NO,FRIENDS,SOMETIMES,NO,OFTEN,YES,YES,YES,YES,NO,YES,YES,WITHIN_YEAR,37,0,13,13,28,12,0,19,11,7,6,13,LOW
SYN-00220,casual_sharer,PUBLIC,YES,YES,YES,NOT_SURE,YES,YES,YES,YES,PUBLIC,OFTEN,SOMETIMES,NEVER,NO,SOMETIMES,NOT_SURE,NO,YES,SOMETIMES,SOMETIMES,NEVER,87,100,66,84,40,95,93,42,33,58,45,73,CRITICAL
SYN-00221,average_user,FRIENDS,NOT_SURE,YES,YES,NOT_SURE,SOMETIMES,NO,NOT_SURE,NOT_SURE,FRIENDS,SOMETIMES,NO,NEVER,NO,SOMETIMES,NOT_SURE,NO,NOT_SURE,YES,YES,NEVER,50,54,39,30,35,100,74,33,11,40,31,46,HIGH
SYN-00222,average_user,FRIENDS,NO,YES,NOT_SURE,NOT_SURE,NOT_SURE,NOT_SURE,YES,YES,PRIVATE,NEVER,NOT_SURE,SOMETIMES,YES,SOMETIMES,YES,YES,NOT_SURE,NO,SOMETIMES,OVER_A_YEAR,57,68,48,30,37,8,23,26,51,50,29,43,HIGH
SYN-00223,average_user,FRIENDS,NO,NO,NO,NO,SOMETIMES,NO,NO,NO,PUBLIC,SOMETIMES,SOMETIMES,NEVER,NO,NOT_SURE,NOT_SURE,NO,NOT_SURE,NOT_SURE,SOMETIMES,OVER_A_YEAR,43,0,56,65,38,65,62,68,72,70,33,50,HIGH
SYN-00224,casual_sharer,PUBLIC,YES,YES,YES,NOT_SURE,NOT_SURE,YES,YES,YES,FRIENDS,OFTEN,SOMETIMES,SOMETIMES,NO,SOMETIMES,NOT_SURE,NO,NOT_SURE,SOMETIMES,SOMETIMES,NEVER,77,100,57,31,37,89,80,51,58,72,41,66,HIGH
SYN-00225,oversharer,NOT_SURE,YES,YES,YES,YES,SOMETIMES,YES,YES,YES,PUBLIC,ALWAYS,NOT_SURE,OFTEN,NO,NO,NOT_SURE,NO,YES,SOMETIMES,SOMETIMES,NEVER,70,100,78,84,63,89,89,88,78,83,52,83,CRITICAL
SYN-00226,average_user,FRIENDS,NO,NO,NO,YES,SOMETIMES,NO,NO,NO,PRIVATE,OFTEN,SOMETIMES,SOMETIMES,NO,YES,YES,NOT_SURE,NOT_SURE,SOMETIMES,SOMETIMES,WITHIN_YEAR,59,0,65,24,43,76,48,62,67,59,32,46,HIGH
SYN-00227,oversharer,FRIENDS,YES,YES,NOT_SURE,YES,NO,NOT_SURE,YES,YES,NOT_SURE,ALWAYS,NOT_SURE,SOMETIMES,NO,SOMETIMES,NOT_SURE,NO,NOT_SURE,SOMETIMES,NO,OVER_A_YEAR,61,89,54,72,65,100,83,69,60,75,45,72,CRITICAL
SYN-00228,casual_sharer,PUBLIC,YES,YES,YES,YES,SOMETIMES,YES,YES,YES,FRIENDS,OFTEN,YES,ALWAYS,NOT_SURE,NO,NOT_SURE,NO,YES,SOMETIMES,SOMETIMES,NEVER,91,100,74,57,87,77,87,95,55,85,50,81,CRITICAL
SYN-00229,average_user,FRIENDS,NO,NOT_SURE,NO,NOT_SURE,SOMETIMES,NO,NO,NO,NOT_SURE,OFTEN,YES,OFTEN,NOT_SURE,SOMETIMES,YES,NO,NOT_SURE,YES,YES,WITHIN_YEAR,20,8,68,61,63,44,53,26,22,12,26,40,MODERATE
SYN-00230,oversharer,NOT_SURE,YES,YES,YES,NOT_SURE,SOMETIMES,YES,NOT_SURE,YES,PUBLIC,ALWAYS,YES,ALWAYS,NO,NOT_SURE,NO,NO,YES,SOMETIMES,NO,NEVER,77,97,74,77,81,100,94,68,84,97,50,85,CRITICAL
SYN-00231,average_user,PRIVATE,NO,YES,NO,NO,NO,NOT_SURE,NOT_SURE,NO,PRIVATE,NEVER,SOMETIMES,NEVER,YES,SOMETIMES,YES,YES,NO,YES,SOMETIMES,OVER_A_YEAR,0,24,9,26,12,27,0,41,0,48,15,15,LOW
SYN-00232,average_user,PRIVATE,NO,NOT_SURE,NO,NOT_SURE,YES,NOT_SURE,YES,NOT_SURE,FRIENDS,SOMETIMES,SOMETIMES,NEVER,NOT_SURE,SOMETIMES,NOT_SURE,NOT_SURE,NOT_SURE,NOT_SURE,YES,WITHIN_YEAR,7,40,52,42,0,52,66,28,67,19,29,40,MODERATE
SYN-00233,average_user,FRIENDS,YES,YES,YES,NO,YES,YES,YES,NOT_SURE,PUBLIC,OFTEN,SOMETIMES,SOMETIMES,NOT_SURE,SOMETIMES,YES,NO,NOT_SURE,SOMETIMES,NOT_SURE,NEVER,51,96,56,67,59,56,53,74,71,64,44,65,HIGH
SYN-00234,privacy_conscious,FRIENDS,NO,NO,NOT_SURE,NO,SOMETIMES,NO,YES,NOT_SURE,FRIENDS,NEVER,SOMETIMES,NEVER,YES,YES,YES,YES,NO,YES,YES,WITHIN_YEAR,30,23,34,44,46,0,0,9,6,7,14,22,MODERATE
SYN-00235,privacy_conscious,NOT_SURE,NO,NO,NO,NO,SOMETIMES,NO,NO,YES,FRIENDS,NEVER,NO,NEVER,YES,YES,NO,YES,NO,YES,YES,WITHIN_3_MONTHS,20,10,17,41,27,28,24,0,12,10,13,20,LOW
SYN-00236,casual_sharer,PRIVATE,NO,NO,NO,YES,YES,NOT_SURE,NOT_SURE,NO,PRIVATE,SOMETIMES,YES,SOMETIMES,NO,NOT_SURE,NO,NO,NOT_SURE,NO,NO,OVER_A_YEAR,28,23,91,26,46,56,77,75,86,75,38,58,HIGH
SYN-00237,oversharer,PUBLIC,YES,NOT_SURE,YES,NOT_SURE,NOT_SURE,YES,NOT_SURE,YES,FRIENDS,SOMETIMES,YES,ALWAYS,NOT_SURE,NO,NOT_SURE,NO,YES,SOMETIMES,SOMETIMES,NEVER,90,92,61,73,94,69,80,86,58,81,48,78,CRITICAL
SYN-00238,privacy_conscious,PRIVATE,NO,NO,NO,NO,NO,NO,NO,NO,FRIENDS,NEVER,NO,NEVER,YES,YES,YES,YES,NO,YES,YES,WITHIN_3_MONTHS,7,0,0,13,12,8,6,0,6,5,4,5,LOW
SYN-00239,average_user,PRIVATE,NO,NO,NO,NOT_SURE,NOT_SURE,NOT_SURE,NO,NO,FRIENDS,SOMETIMES,NO,SOMETIMES,NOT_SURE,NOT_SURE,YES,YES,NO,NOT_SURE,SOMETIMES,WITHIN_3_MONTHS,7,19,47,53,56,72,8,49,83,34,30,39,MODERATE
SYN-00240,average_user,PRIVATE,NO,NO,NOT_SURE,NO,NO,NO,NO,NOT_SURE,FRIENDS,OFTEN,NOT_SURE,OFTEN,YES,SOMETIMES,YES,YES,NOT_SURE,SOMETIMES,SOMETIMES,OVER_A_YEAR,24,37,28,31,28,27,20,26,21,43,20,28,MODERATE
SYN-00241,average_user,FRIENDS,NOT_SURE,NO,NOT_SURE,NOT_SURE,SOMETIMES,NOT_SURE,NO,NO,PRIVATE,SOMETIMES,NOT_SURE,SOMETIMES,YES,SOMETIMES,NOT_SURE,NO,YES,NO,NO,OVER_A_YEAR,20,41,52,8,28,0,87,51,71,72,30,46,HIGH
SYN-00242,casual_sharer,FRIENDS,NOT_SURE,NOT_SURE,NOT_SURE,YES,NO,YES,NOT_SURE,NOT_SURE,PUBLIC,OFTEN,NOT_SURE,SOMETIMES,NO,SOMETIMES,NOT_SURE,NO,YES,NO,NOT_SURE,WITHIN_YEAR,63,72,50,68,70,68,83,69,42,62,43,65,HIGH
SYN-00243,privacy_conscious,FRIENDS,NOT_SURE,NO,YES,NO,NO,NO,NO,NO,FRIENDS,SOMETIMES,SOMETIMES,SOMETIMES,YES,SOMETIMES,YES,YES,NO,YES,YES,WITHIN_YEAR,23,30,29,39,28,0,0,45,0,7,12,20,LOW
SYN-00244,casual_sharer,PUBLIC,YES,NOT_SURE,YES,NOT_SURE,YES,YES,NOT_SURE,NOT_SURE,FRIENDS,SOMETIMES,NOT_SURE,ALWAYS,NO,NOT_SURE,NO,YES,YES,NOT_SURE,SOMETIMES,NEVER,93,67,61,47,63,100,65,71,79,84,46,70,HIGH
SYN-00245,oversharer,PUBLIC,YES,NOT_SURE,YES,NOT_SURE,YES,NOT_SURE,YES,YES,FRIENDS,ALWAYS,SOMETIMES,ALWAYS,NO,SOMETIMES,NO,NOT_SURE,YES,SOMETIMES,NO,NEVER,100,90,79,55,83,87,95,77,39,93,49,80,CRITICAL
SYN-00246,average_user,FRIENDS,NOT_SURE,YES,NO,NO,NO,NO,NO,NO,FRIENDS,SOMETIMES,SOMETIMES,NEVER,YES,NOT_SURE,YES,NO,NO,SOMETIMES,SOMETIMES,WITHIN_3_MONTHS,30,26,41,44,12,12,24,43,55,18,20,31,MODERATE
SYN-00247,average_user,PUBLIC,NOT_SURE,NOT_SURE,NOT_SURE,NO,SOMETIMES,NO,NOT_SURE,NO,FRIENDS,NEVER,NO,SOMETIMES,YES,NOT_SURE,YES,NOT_SURE,NOT_SURE,NO,YES,NEVER,50,35,11,55,15,0,52,68,85,68,29,42,HIGH
SYN-00248,privacy_conscious,PRIVATE,NO,NOT_SURE,NO,NOT_SURE,NO,NO,NO,NOT_SURE,PRIVATE,NEVER,NOT_SURE,NEVER,YES,YES,NOT_SURE,NO,NOT_SURE,SOMETIMES,YES,WITHIN_YEAR,0,14,29,27,0,0,71,48,72,18,22,30,MODERATE
SYN-00249,oversharer,FRIENDS,YES,NOT_SURE,NOT_SURE,NOT_SURE,SOMETIMES,YES,YES,NOT_SURE,FRIENDS,OFTEN,SOMETIMES,OFTEN,NOT_SURE,YES,NO,NO,YES,SOMETIMES,NO,OVER_A_YEAR,76,83,54,41,91,80,100,33,73,82,46,73,CRITICAL
SYN-00250,average_user,NOT_SURE,NO,NO,NO,NO,NO,NO,NO,NO,PRIVATE,NEVER,NO,NEVER,YES,YES,NOT_SURE,NOT_SURE,YES,YES,YES,OVER_A_YEAR,40,0,9,8,13,0,52,23,18,40,13,20,LOW
SYN-00251,privacy_conscious,FRIENDS,NO,NOT_SURE,NO,NO,NO,NO,NO,NO,PRIVATE,NEVER,NO,NEVER,YES,YES,YES,YES,NO,SOMETIMES,YES,WITHIN_YEAR,40,21,0,8,0,0,0,17,20,18,10,12,LOW
SYN-00252,average_user,FRIENDS,NOT_SURE,NOT_SURE,NO,NO,YES,NO,YES,NOT_SURE,PRIVATE,NEVER,SOMETIMES,SOMETIMES,YES,SOMETIMES,YES,NOT_SURE,NOT_SURE,YES,YES,WITHIN_YEAR,27,34,45,29,15,24,42,62,0,30,24,31,MODERATE
SYN-00253,average_user,NOT_SURE,NO,YES,NOT_SURE,NO,NO,YES,NO,NO,FRIENDS,NEVER,NOT_SURE,NEVER,YES,SOMETIMES,NOT_SURE,NO,NOT_SURE,SOMETIMES,SOMETIMES,WITHIN_YEAR,30,47,30,49,26,25,59,67,71,68,33,46,HIGH
SYN-00254,casual_sharer,PRIVATE,YES,NOT_SURE,YES,NOT_SURE,NOT_SURE,YES,NOT_SURE,NOT_SURE,PUBLIC,SOMETIMES,NOT_SURE,OFTEN,NO,SOMETIMES,YES,NOT_SURE,NO,SOMETIMES,NO,OVER_A_YEAR,13,79,60,89,62,89,28,52,63,90,40,59,HIGH
SYN-00255,oversharer,PUBLIC,YES,YES,YES,YES,YES,YES,YES,YES,FRIENDS,OFTEN,YES,ALWAYS,NO,SOMETIMES,NO,NO,YES,SOMETIMES,SOMETIMES,NEVER,89,100,85,71,100,89,96,62,92,85,52,89,CRITICAL
SYN-00256,average_user,NOT_SURE,NOT_SURE,NO,NOT_SURE,NOT_SURE,SOMETIMES,YES,YES,NO,PRIVATE,OFTEN,YES,OFTEN,YES,SOMETIMES,YES,YES,YES,NOT_SURE,SOMETIMES,NEVER,33,61,63,18,50,12,30,57,71,56,34,47,HIGH
SYN-00257,average_user,PRIVATE,YES,YES,NOT_SURE,NO,YES,NOT_SURE,NOT_SURE,YES,PUBLIC,NEVER,SOMETIMES,SOMETIMES,NO,SOMETIMES,NO,NOT_SURE,YES,SOMETIMES,SOMETIMES,WITHIN_YEAR,23,66,39,71,41,68,74,61,39,36,35,52,HIGH
SYN-00258,casual_sharer,FRIENDS,NOT_SURE,YES,NOT_SURE,YES,NOT_SURE,NOT_SURE,NOT_SURE,YES,PUBLIC,OFTEN,NOT_SURE,OFTEN,NOT_SURE,SOMETIMES,NO,NO,NOT_SURE,SOMETIMES,SOMETIMES,NEVER,69,70,74,84,74,77,87,52,80,64,50,75,CRITICAL
SYN-00259,average_user,FRIENDS,YES,NO,NOT_SURE,YES,YES,NO,NOT_SURE,NO,PRIVATE,SOMETIMES,YES,ALWAYS,NO,SOMETIMES,NO,NOT_SURE,YES,NO,NO,WITHIN_YEAR,57,48,87,34,76,52,92,72,66,63,40,67,HIGH
SYN-00260,privacy_conscious,PUBLIC,NO,NOT_SURE,NOT_SURE,NO,SOMETIMES,NO,NOT_SURE,NO,PRIVATE,NEVER,NO,SOMETIMES,YES,SOMETIMES,YES,NOT_SURE,NO,YES,YES,WITHIN_YEAR,63,43,17,16,42,0,28,36,18,23,19,30,MODERATE
SYN-00261,oversharer,NOT_SURE,NOT_SURE,YES,YES,YES,YES,YES,YES,NOT_SURE,PUBLIC,ALWAYS,YES,ALWAYS,NO,NO,NOT_SURE,NO,YES,SOMETIMES,SOMETIMES,WITHIN_YEAR,71,79,100,76,91,89,89,90,63,33,49,81,CRITICAL
SYN-00262,privacy_conscious,FRIENDS,NO,NO,NO,NO,SOMETIMES,NO,NO,NOT_SURE,NOT_SURE,SOMETIMES,NO,NEVER,YES,YES,YES,YES,NO,YES,YES,WITHIN_3_MONTHS,27,6,17,35,13,0,0,9,14,0,9,13,LOW
SYN-00263,oversharer,NOT_SURE,YES,NO,YES,NOT_SURE,SOMETIMES,YES,YES,NOT_SURE,FRIENDS,SOMETIMES,SOMETIMES,ALWAYS,NOT_SURE,NO,NOT_SURE,NO,NOT_SURE,NOT_SURE,SOMETIMES,WITHIN_YEAR,71,82,55,73,91,75,62,100,70,64,46,72,CRITICAL
SYN-00264,privacy_conscious,FRIENDS,NO,NO,NO,NO,SOMETIMES,NO,NO,NOT_SURE,FRIENDS,OFTEN,SOMETIMES,NEVER,YES,YES,NOT_SURE,NO,NOT_SURE,SOMETIMES,SOMETIMES,WITHIN_YEAR,20,27,39,47,40,28,65,34,27,60,27,39,MODERATE
SYN-00265,privacy_conscious,FRIENDS,NO,NO,NO,NO,SOMETIMES,NO,NO,NO,PRIVATE,NEVER,NO,NEVER,YES,SOMETIMES,YES,YES,NO,SOMETIMES,SOMETIMES,WITHIN_YEAR,13,0,30,8,13,0,14,43,21,30,13,16,LOW
SYN-00266,casual_sharer,PRIVATE,NO,NO,NO,YES,SOMETIMES,YES,NO,YES,FRIENDS,ALWAYS,NO,SOMETIMES,NO,NO,YES,NO,NO,SOMETIMES,YES,OVER_A_YEAR,23,41,48,38,37,89,30,79,71,54,33,46,HIGH
SYN-00267,casual_sharer,NOT_SURE,NOT_SURE,NO,NO,NO,NO,NO,NO,NO,NOT_SURE,NEVER,SOMETIMES,OFTEN,NOT_SURE,SOMETIMES,NO,NOT_SURE,NO,SOMETIMES,SOMETIMES,WITHIN_YEAR,72,12,9,71,69,36,58,47,47,67,33,45,HIGH
SYN-00268,casual_sharer,FRIENDS,NOT_SURE,YES,YES,NOT_SURE,SOMETIMES,NOT_SURE,YES,NO,NOT_SURE,OFTEN,SOMETIMES,OFTEN,NO,SOMETIMES,NO,NOT_SURE,YES,NO,SOMETIMES,WITHIN_YEAR,43,77,59,60,69,87,86,51,75,43,45,67,HIGH
SYN-00269,casual_sharer,PUBLIC,YES,NOT_SURE,NO,YES,YES,NOT_SURE,NOT_SURE,YES,FRIENDS,OFTEN,YES,ALWAYS,NOT_SURE,SOMETIMES,NO,NOT_SURE,NOT_SURE,NO,NO,OVER_A_YEAR,100,62,87,56,82,40,82,62,81,78,46,76,CRITICAL
SYN-00270,privacy_conscious,FRIENDS,NOT_SURE,NO,NO,NOT_SURE,NO,NO,NO,NO,FRIENDS,SOMETIMES,SOMETIMES,NEVER,YES,YES,YES,YES,NO,SOMETIMES,SOMETIMES,WITHIN_3_MONTHS,13,12,39,44,22,0,18,0,16,42,16,22,MODERATE
SYN-00271,privacy_conscious,PRIVATE,NO,NO,NO,NO,NO,NO,NO,NO,FRIENDS,SOMETIMES,NO,NEVER,YES,YES,YES,YES,NO,YES,YES,WITHIN_3_MONTHS,23,0,6,24,0,0,26,0,6,24,8,11,LOW
SYN-00272,casual_sharer,NOT_SURE,NOT_SURE,YES,YES,NOT_SURE,YES,NOT_SURE,NOT_SURE,YES,FRIENDS,SOMETIMES,SOMETIMES,SOMETIMES,NOT_SURE,SOMETIMES,NOT_SURE,NOT_SURE,NO,NOT_SURE,SOMETIMES,WITHIN_YEAR,67,77,67,67,54,53,54,51,67,49,43,63,HIGH
SYN-00273,average_user,NOT_SURE,NO,NO,NO,NO,NO,NO,NOT_SURE,NO,PRIVATE,SOMETIMES,SOMETIMES,SOMETIMES,YES,SOMETIMES,YES,NOT_SURE,NO,SOMETIMES,SOMETIMES,WITHIN_YEAR,44,4,21,37,68,24,17,42,44,33,24,31,MODERATE
SYN-00274,casual_sharer,PUBLIC,YES,YES,YES,YES,YES,NOT_SURE,YES,YES,FRIENDS,SOMETIMES,NOT_SURE,SOMETIMES,YES,SOMETIMES,NO,NO,YES,YES,NO,OVER_A_YEAR,100,96,80,50,66,55,93,81,38,70,44,76,CRITICAL
SYN-00275,average_user,FRIENDS,YES,NO,NO,NOT_SURE,SOMETIMES,NO,NO,NO,PRIVATE,SOMETIMES,SOMETIMES,OFTEN,YES,NOT_SURE,YES,NOT_SURE,NO,YES,SOMETIMES,NEVER,37,21,50,8,63,0,29,65,32,70,24,36,MODERATE
SYN-00276,average_user,PUBLIC,YES,NO,NOT_SURE,NO,SOMETIMES,NO,YES,YES,PRIVATE,SOMETIMES,NOT_SURE,OFTEN,YES,YES,YES,YES,NO,SOMETIMES,YES,OVER_A_YEAR,89,61,43,36,50,24,14,9,54,27,31,44,HIGH
SYN-00277,average_user,FRIENDS,NO,NO,NOT_SURE,NO,SOMETIMES,NO,NOT_SURE,NO,FRIENDS,SOMETIMES,SOMETIMES,OFTEN,NOT_SURE,SOMETIMES,YES,YES,NO,YES,SOMETIMES,WITHIN_YEAR,30,27,40,48,76,55,0,38,0,24,22,31,MODERATE
SYN-00278,oversharer,FRIENDS,NOT_SURE,YES,YES,YES,SOMETIMES,YES,YES,YES,NOT_SURE,OFTEN,YES,SOMETIMES,NO,SOMETIMES,NO,NO,YES,NO,SOMETIMES,OVER_A_YEAR,80,92,81,87,55,100,96,71,91,72,50,84,CRITICAL
SYN-00279,casual_sharer,NOT_SURE,YES,NOT_SURE,YES,NOT_SURE,SOMETIMES,YES,NOT_SURE,NOT_SURE,NOT_SURE,SOMETIMES,NO,OFTEN,NO,SOMETIMES,NO,NOT_SURE,NOT_SURE,NOT_SURE,SOMETIMES,NEVER,61,79,52,77,76,89,76,26,62,75,45,68,HIGH
SYN-00280,average_user,NOT_SURE,NOT_SURE,NOT_SURE,NO,NOT_SURE,NOT_SURE,NOT_SURE,NO,NO,FRIENDS,SOMETIMES,NO,OFTEN,YES,SOMETIMES,YES,YES,NO,SOMETIMES,YES,WITHIN_YEAR,20,39,34,41,41,16,0,26,57,30,20,30,MODERATE
SYN-00281,average_user,PRIVATE,NO,NOT_SURE,NO,NO,SOMETIMES,NO,NOT_SURE,NO,FRIENDS,SOMETIMES,NO,SOMETIMES,NO,YES,NO,NOT_SURE,YES,YES,SOMETIMES,OVER_A_YEAR,20,12,17,41,24,81,82,0,26,33,22,33,MODERATE
SYN-00282,average_user,FRIENDS,NOT_SURE,YES,NOT_SURE,NO,NO,NOT_SURE,NOT_SURE,YES,PRIVATE,NEVER,NO,SOMETIMES,YES,SOMETIMES,NOT_SURE,NO,YES,SOMETIMES,SOMETIMES,WITHIN_YEAR,33,78,0,35,43,40,82,59,46,46,34,47,HIGH
SYN-00283,privacy_conscious,FRIENDS,NO,NO,NO,NO,NOT_SURE,NO,NO,NO,PRIVATE,SOMETIMES,SOMETIMES,NEVER,YES,YES,YES,YES,NO,YES,YES,WITHIN_YEAR,13,0,36,18,0,27,0,8,34,12,9,14,LOW
SYN-00284,average_user,PRIVATE,NO,NOT_SURE,NO,NOT_SURE,NO,NOT_SURE,NOT_SURE,NOT_SURE,PRIVATE,OFTEN,SOMETIMES,SOMETIMES,YES,SOMETIMES,YES,YES,NO,NOT_SURE,YES,OVER_A_YEAR,0,37,43,18,56,8,0,38,41,31,22,27,MODERATE
SYN-00285,casual_sharer,FRIENDS,NOT_SURE,NOT_SURE,NOT_SURE,NO,SOMETIMES,NO,NO,NOT_SURE,FRIENDS,OFTEN,SOMETIMES,ALWAYS,YES,NO,NO,NO,NOT_SURE,NO,YES,WITHIN_YEAR,80,58,52,48,82,16,78,81,89,13,36,64,HIGH
SYN-00286,average_user,FRIENDS,NO,NOT_SURE,NO,NOT_SURE,NOT_SURE,YES,NOT_SURE,YES,NOT_SURE,SOMETIMES,SOMETIMES,OFTEN,NO,YES,NO,YES,YES,YES,SOMETIMES,WITHIN_YEAR,63,54,57,37,54,40,62,17,14,54,31,48,HIGH
SYN-00287,oversharer,PUBLIC,YES,YES,NOT_SURE,YES,SOMETIMES,YES,YES,YES,FRIENDS,ALWAYS,SOMETIMES,SOMETIMES,NOT_SURE,NOT_SURE,YES,NOT_SURE,YES,SOMETIMES,NO,OVER_A_YEAR,100,85,72,65,50,83,64,84,71,89,49,75,CRITICAL
SYN-00288,casual_sharer,FRIENDS,YES,NOT_SURE,YES,NO,NO,YES,NOT_SURE,NOT_SURE,PUBLIC,OFTEN,NOT_SURE,SOMETIMES,NOT_SURE,SOMETIMES,YES,NO,NOT_SURE,SOMETIMES,SOMETIMES,OVER_A_YEAR,63,88,42,57,65,69,48,67,59,70,44,61,HIGH
SYN-00289,average_user,FRIENDS,NOT_SURE,YES,YES,YES,NOT_SURE,NOT_SURE,NO,YES,PUBLIC,OFTEN,SOMETIMES,SOMETIMES,NO,SOMETIMES,NO,NO,YES,YES,SOMETIMES,WITHIN_YEAR,34,81,67,76,59,76,87,61,31,46,38,64,HIGH
SYN-00290,privacy_conscious,FRIENDS,NO,NO,NO,NOT_SURE,NO,NO,NO,NO,FRIENDS,NEVER,NO,NEVER,NOT_SURE,SOMETIMES,YES,YES,NO,YES,SOMETIMES,WITHIN_YEAR,13,0,9,21,9,55,6,19,0,41,10,12,LOW
SYN-00291,oversharer,FRIENDS,YES,YES,YES,NOT_SURE,SOMETIMES,YES,NOT_SURE,NOT_SURE,FRIENDS,OFTEN,YES,OFTEN,NO,NOT_SURE,NOT_SURE,NO,NO,NOT_SURE,NO,NEVER,30,93,73,55,78,89,59,84,46,96,44,68,HIGH
SYN-00292,average_user,PRIVATE,NO,NO,NO,NOT_SURE,SOMETIMES,NOT_SURE,NO,NOT_SURE,FRIENDS,SOMETIMES,SOMETIMES,NEVER,YES,YES,YES,NO,NO,SOMETIMES,YES,OVER_A_YEAR,17,33,41,23,0,16,16,8,26,22,13,22,MODERATE
SYN-00293,average_user,PUBLIC,NO,NO,NO,NO,NO,NO,NO,NO,PRIVATE,SOMETIMES,NOT_SURE,NEVER,NOT_SURE,NOT_SURE,YES,YES,NO,YES,SOMETIMES,WITHIN_YEAR,83,0,39,8,13,28,20,26,35,25,15,27,MODERATE
SYN-00294,average_user,NOT_SURE,NO,NO,NOT_SURE,YES,NOT_SURE,NOT_SURE,NO,NO,PRIVATE,ALWAYS,NOT_SURE,NEVER,NOT_SURE,SOMETIMES,NOT_SURE,NOT_SURE,NOT_SURE,SOMETIMES,SOMETIMES,OVER_A_YEAR,44,17,60,0,26,64,57,52,42,74,32,41,HIGH
SYN-00295,casual_sharer,FRIENDS,NOT_SURE,NOT_SURE,YES,NOT_SURE,YES,YES,YES,YES,FRIENDS,ALWAYS,SOMETIMES,SOMETIMES,NO,NO,YES,YES,NO,SOMETIMES,SOMETIMES,OVER_A_YEAR,52,86,75,39,68,100,0,69,77,68,39,60,HIGH
SYN-00296,privacy_conscious,PRIVATE,NO,NO,NO,NO,NOT_SURE,NO,NO,NO,PUBLIC,SOMETIMES,NO,NEVER,YES,NO,YES,YES,NO,YES,SOMETIMES,WITHIN_3_MONTHS,10,0,34,50,0,20,6,54,16,41,15,19,LOW
SYN-00297,average_user,FRIENDS,NOT_SURE,YES,NOT_SURE,NOT_SURE,NO,NOT_SURE,NOT_SURE,NO,PUBLIC,SOMETIMES,SOMETIMES,SOMETIMES,YES,SOMETIMES,NOT_SURE,YES,NOT_SURE,YES,NO,OVER_A_YEAR,49,59,43,75,38,41,31,64,14,60,33,46,HIGH
SYN-00298,average_user,PUBLIC,NOT_SURE,NO,NO,YES,SOMETIMES,NO,NO,NO,NOT_SURE,SOMETIMES,NOT_SURE,SOMETIMES,NO,SOMETIMES,NO,NO,YES,SOMETIMES,YES,WITHIN_YEAR,87,12,49,45,15,65,90,67,41,56,33,51,HIGH
SYN-00299,average_user,NOT_SURE,NO,NO,NOT_SURE,NO,SOMETIMES,NO,NOT_SURE,NO,FRIENDS,SOMETIMES,NO,NEVER,YES,YES,NOT_SURE,YES,NOT_SURE,YES,SOMETIMES,OVER_A_YEAR,73,14,30,48,36,0,52,44,6,40,24,35,MODERATE
SYN-00300,oversharer,NOT_SURE,NOT_SURE,YES,YES,YES,SOMETIMES,YES,YES,NOT_SURE,NOT_SURE,OFTEN,YES,SOMETIMES,NO,NO,NO,NOT_SURE,YES,SOMETIMES,NO,NEVER,87,88,81,61,59,100,89,82,71,93,51,80,CRITICAL
SYN-00301,casual_sharer,PUBLIC,YES,YES,YES,YES,SOMETIMES,YES,YES,NOT_SURE,PUBLIC,ALWAYS,YES,SOMETIMES,NO,NOT_SURE,NO,NOT_SURE,YES,YES,SOMETIMES,OVER_A_YEAR,68,88,78,74,59,92,86,75,61,73,48,76,CRITICAL
SYN-00302,average_user,NOT_SURE,YES,YES,YES,NOT_SURE,NOT_SURE,NOT_SURE,YES,YES,PRIVATE,SOMETIMES,SOMETIMES,OFTEN,NO,SOMETIMES,YES,NOT_SURE,YES,SOMETIMES,SOMETIMES,WITHIN_3_MONTHS,63,88,45,8,41,53,62,51,62,33,36,54,HIGH
SYN-00303,average_user,PUBLIC,NOT_SURE,NOT_SURE,NOT_SURE,NOT_SURE,SOMETIMES,NO,NOT_SURE,NO,NOT_SURE,NEVER,NO,NEVER,YES,SOMETIMES,NOT_SURE,NOT_SURE,NO,YES,NO,WITHIN_YEAR,83,35,35,47,9,16,46,52,17,68,30,40,MODERATE
SYN-00304,average_user,PRIVATE,NOT_SURE,NOT_SURE,NO,YES,SOMETIMES,NOT_SURE,YES,NO,FRIENDS,SOMETIMES,NOT_SURE,SOMETIMES,YES,SOMETIMES,YES,YES,YES,SOMETIMES,SOMETIMES,NEVER,36,34,56,49,37,16,30,67,40,58,30,41,HIGH
SYN-00305,privacy_conscious,FRIENDS,NO,NO,NO,NO,NO,NO,NOT_SURE,NOT_SURE,PRIVATE,SOMETIMES,NOT_SURE,ALWAYS,YES,SOMETIMES,YES,YES,NO,YES,SOMETIMES,WITHIN_YEAR,24,10,28,8,59,0,0,34,12,24,14,19,LOW
SYN-00306,casual_sharer,PRIVATE,NO,NO,NO,NO,SOMETIMES,NO,NO,NOT_SURE,NOT_SURE,OFTEN,SOMETIMES,OFTEN,NO,SOMETIMES,NOT_SURE,NOT_SURE,NO,NO,SOMETIMES,WITHIN_YEAR,23,6,45,47,66,92,34,52,97,41,33,45,HIGH
SYN-00307,oversharer,FRIENDS,YES,YES,NOT_SURE,NO,NOT_SURE,YES,NOT_SURE,NOT_SURE,FRIENDS,SOMETIMES,SOMETIMES,OFTEN,NO,NOT_SURE,NO,NO,YES,SOMETIMES,NO,NEVER,30,86,47,73,77,100,96,68,77,100,45,73,CRITICAL
SYN-00308,casual_sharer,PUBLIC,NO,NO,NOT_SURE,YES,SOMETIMES,NOT_SURE,NOT_SURE,NOT_SURE,FRIENDS,ALWAYS,NOT_SURE,SOMETIMES,NOT_SURE,SOMETIMES,NO,YES,NO,NOT_SURE,NO,WITHIN_3_MONTHS,73,48,58,56,37,75,32,70,79,46,37,55,HIGH
SYN-00309,privacy_conscious,NOT_SURE,NO,YES,NO,NO,NO,NO,NO,NO,PRIVATE,SOMETIMES,NO,NEVER,YES,SOMETIMES,YES,YES,NO,YES,YES,WITHIN_YEAR,37,34,12,17,9,0,0,52,19,23,13,19,LOW
SYN-00310,average_user,FRIENDS,NO,NO,NO,YES,NOT_SURE,NOT_SURE,NO,NO,NOT_SURE,OFTEN,SOMETIMES,SOMETIMES,YES,SOMETIMES,YES,YES,NO,NO,YES,NEVER,47,6,69,53,15,24,14,45,70,61,30,38,MODERATE
SYN-00311,privacy_conscious,PRIVATE,NO,NO,NO,NO,NO,NO,NO,NOT_SURE,PRIVATE,SOMETIMES,NO,NEVER,YES,SOMETIMES,YES,YES,NO,SOMETIMES,SOMETIMES,OVER_A_YEAR,7,19,6,11,0,24,0,28,20,34,11,12,LOW
SYN-00312,oversharer,PUBLIC,YES,NOT_SURE,YES,YES,YES,YES,YES,YES,PUBLIC,ALWAYS,NOT_SURE,ALWAYS,NO,NO,NO,NO,YES,NO,SOMETIMES,OVER_A_YEAR,96,94,84,94,87,100,96,95,92,76,52,92,CRITICAL
SYN-00313,average_user,FRIENDS,NOT_SURE,NOT_SURE,NOT_SURE,NOT_SURE,NOT_SURE,NO,NO,NO,FRIENDS,OFTEN,SOMETIMES,ALWAYS,YES,NOT_SURE,YES,YES,NO,SOMETIMES,SOMETIMES,WITHIN_3_MONTHS,50,52,69,47,72,28,0,40,67,27,32,46,HIGH
SYN-00314,casual_sharer,NOT_SURE,NO,YES,NOT_SURE,NOT_SURE,SOMETIMES,NOT_SURE,YES,NOT_SURE,NOT_SURE,OFTEN,SOMETIMES,OFTEN,NO,YES,NO,NOT_SURE,YES,SOMETIMES,NO,OVER_A_YEAR,70,56,59,63,69,76,68,42,43,89,45,62,HIGH
SYN-00315,oversharer,PUBLIC,YES,YES,YES,NOT_SURE,SOMETIMES,YES,NOT_SURE,YES,PUBLIC,ALWAYS,YES,ALWAYS,NOT_SURE,NO,NO,NOT_SURE,YES,SOMETIMES,NO,OVER_A_YEAR,93,97,74,92,78,83,95,82,92,93,52,88,CRITICAL
SYN-00316,oversharer,FRIENDS,NOT_SURE,NOT_SURE,NO,YES,NOT_SURE,YES,NO,NOT_SURE,PUBLIC,SOMETIMES,YES,OFTEN,YES,SOMETIMES,NO,NOT_SURE,NOT_SURE,NO,NO,NEVER,80,58,73,74,81,49,86,77,92,89,48,76,CRITICAL
SYN-00317,oversharer,FRIENDS,NOT_SURE,NOT_SURE,YES,YES,SOMETIMES,NOT_SURE,YES,YES,PUBLIC,ALWAYS,YES,OFTEN,NO,NO,NO,NO,NOT_SURE,SOMETIMES,NOT_SURE,OVER_A_YEAR,71,74,83,60,85,75,90,100,49,79,48,76,CRITICAL
SYN-00318,casual_sharer,PUBLIC,NOT_SURE,NOT_SURE,NOT_SURE,NOT_SURE,YES,NO,NO,NO,FRIENDS,NEVER,YES,SOMETIMES,NO,NOT_SURE,NO,NO,YES,NO,SOMETIMES,WITHIN_3_MONTHS,100,43,68,63,59,65,96,79,56,34,41,68,HIGH
SYN-00319,oversharer,PUBLIC,NOT_SURE,YES,NOT_SURE,YES,YES,YES,NOT_SURE,YES,PUBLIC,OFTEN,YES,ALWAYS,NO,NOT_SURE,NO,NOT_SURE,NOT_SURE,NO,SOMETIMES,OVER_A_YEAR,70,74,93,84,59,76,78,84,89,66,48,78,CRITICAL
SYN-00320,oversharer,NOT_SURE,YES,YES,YES,YES,NOT_SURE,YES,YES,YES,PUBLIC,SOMETIMES,YES,OFTEN,YES,SOMETIMES,NO,NO,YES,SOMETIMES,NO,OVER_A_YEAR,87,92,82,84,85,33,100,67,70,93,50,83,CRITICAL
SYN-00321,average_user,FRIENDS,YES,NOT_SURE,NO,NO,SOMETIMES,NOT_SURE,NO,NOT_SURE,PRIVATE,ALWAYS,NOT_SURE,NEVER,YES,SOMETIMES,YES,NOT_SURE,NO,YES,NOT_SURE,WITHIN_3_MONTHS,24,54,57,11,12,28,20,51,0,28,22,30,MODERATE
SYN-00322,privacy_conscious,FRIENDS,NOT_SURE,NO,NO,NO,NO,NO,NO,NO,PRIVATE,NEVER,SOMETIMES,OFTEN,YES,SOMETIMES,YES,YES,NOT_SURE,SOMETIMES,YES,WITHIN_YEAR,13,12,15,0,28,0,14,19,51,13,8,17,LOW
SYN-00323,average_user,NOT_SURE,YES,NOT_SURE,NOT_SURE,NO,NO,YES,NOT_SURE,NOT_SURE,PRIVATE,NEVER,NO,NEVER,YES,YES,NO,YES,NOT_SURE,SOMETIMES,SOMETIMES,OVER_A_YEAR,47,72,6,42,0,12,55,34,43,34,27,37,MODERATE
SYN-00324,oversharer,FRIENDS,NOT_SURE,YES,YES,NO,NO,YES,YES,NOT_SURE,PUBLIC,NEVER,NO,ALWAYS,YES,SOMETIMES,NO,NO,YES,NOT_SURE,SOMETIMES,OVER_A_YEAR,64,88,15,77,78,29,96,67,88,77,45,69,HIGH
SYN-00325,privacy_conscious,FRIENDS,NO,NO,NO,NO,NO,NO,NO,NOT_SURE,FRIENDS,NEVER,NO,NEVER,YES,YES,YES,YES,NO,SOMETIMES,YES,WITHIN_3_MONTHS,53,6,20,13,9,0,6,8,45,11,14,18,LOW
SYN-00326,average_user,PRIVATE,NOT_SURE,NO,NO,NO,NO,NOT_SURE,NOT_SURE,YES,NOT_SURE,SOMETIMES,NO,OFTEN,YES,YES,NOT_SURE,YES,NO,NOT_SURE,SOMETIMES,OVER_A_YEAR,48,46,19,45,38,39,43,32,65,58,32,42,HIGH
SYN-00327,privacy_conscious,FRIENDS,NO,NOT_SURE,NO,NO,SOMETIMES,NO,NO,YES,FRIENDS,NEVER,NO,NEVER,YES,YES,YES,NOT_SURE,NO,SOMETIMES,YES,WITHIN_YEAR,33,19,26,38,9,0,32,0,34,7,13,23,MODERATE
SYN-00328,average_user,NOT_SURE,NO,YES,NOT_SURE,NOT_SURE,SOMETIMES,NOT_SURE,NOT_SURE,YES,PRIVATE,OFTEN,SOMETIMES,SOMETIMES,NO,SOMETIMES,YES,YES,YES,NO,SOMETIMES,WITHIN_YEAR,31,57,59,24,50,95,47,38,89,44,38,53,HIGH
SYN-00329,casual_sharer,FRIENDS,YES,NOT_SURE,NO,YES,SOMETIMES,NOT_SURE,NO,NO,PUBLIC,SOMETIMES,SOMETIMES,ALWAYS,NOT_SURE,YES,YES,YES,YES,SOMETIMES,SOMETIMES,WITHIN_YEAR,20,48,65,92,50,53,24,23,77,25,29,50,HIGH
SYN-00330,privacy_conscious,PRIVATE,NO,NO,NO,NO,SOMETIMES,NO,NO,NO,PRIVATE,NEVER,SOMETIMES,SOMETIMES,YES,YES,YES,YES,NO,YES,SOMETIMES,WITHIN_YEAR,7,0,39,0,15,0,0,0,34,19,7,12,LOW
SYN-00331,privacy_conscious,NOT_SURE,NO,NO,NO,NO,SOMETIMES,NO,NO,NO,PRIVATE,NEVER,NO,NEVER,YES,YES,YES,YES,NO,YES,YES,WITHIN_YEAR,20,0,24,0,0,13,14,0,19,7,7,11,LOW
SYN-00332,casual_sharer,PUBLIC,YES,NOT_SURE,YES,YES,SOMETIMES,NOT_SURE,NO,NOT_SURE,FRIENDS,OFTEN,NOT_SURE,SOMETIMES,NO,SOMETIMES,NO,NO,YES,NO,NO,NEVER,74,71,68,61,62,81,100,72,59,96,46,74,CRITICAL
SYN-00333,casual_sharer,FRIENDS,YES,NOT_SURE,YES,NO,NOT_SURE,NOT_SURE,NOT_SURE,YES,FRIENDS,OFTEN,NO,OFTEN,NO,NO,YES,YES,NO,SOMETIMES,SOMETIMES,OVER_A_YEAR,67,67,47,59,63,76,6,47,42,77,38,51,HIGH
SYN-00334,casual_sharer,FRIENDS,YES,NOT_SURE,YES,NO,YES,NOT_SURE,NOT_SURE,YES,PUBLIC,SOMETIMES,NOT_SURE,SOMETIMES,NOT_SURE,SOMETIMES,NOT_SURE,NO,YES,NO,SOMETIMES,OVER_A_YEAR,50,88,61,86,37,53,83,72,92,75,46,71,CRITICAL
SYN-00335,oversharer,PUBLIC,YES,NOT_SURE,YES,NOT_SURE,SOMETIMES,NOT_SURE,NOT_SURE,YES,PUBLIC,OFTEN,NO,OFTEN,NOT_SURE,NO,NO,NOT_SURE,YES,SOMETIMES,SOMETIMES,NEVER,90,88,61,82,81,83,92,61,69,69,48,79,CRITICAL
SYN-00336,oversharer,FRIENDS,NO,NOT_SURE,YES,NOT_SURE,YES,YES,NOT_SURE,YES,PUBLIC,ALWAYS,YES,OFTEN,NO,NO,NO,NO,YES,NO,SOMETIMES,NEVER,73,71,85,76,91,89,84,95,82,80,48,81,CRITICAL
SYN-00337,average_user,FRIENDS,NO,NOT_SURE,NO,NO,SOMETIMES,NOT_SURE,NO,NO,PRIVATE,SOMETIMES,SOMETIMES,OFTEN,YES,SOMETIMES,NOT_SURE,YES,NO,SOMETIMES,NOT_SURE,WITHIN_3_MONTHS,13,27,40,8,41,8,23,30,16,17,17,24,MODERATE
SYN-00338,average_user,FRIENDS,NO,NOT_SURE,NOT_SURE,YES,SOMETIMES,YES,NOT_SURE,YES,PRIVATE,OFTEN,NOT_SURE,SOMETIMES,YES,SOMETIMES,NO,NOT_SURE,YES,SOMETIMES,NOT_SURE,WITHIN_YEAR,59,56,68,11,37,8,89,51,37,68,34,53,HIGH
SYN-00339,privacy_conscious,PRIVATE,NO,NO,NO,NO,NO,NO,NO,NO,PRIVATE,NEVER,NO,NEVER,YES,YES,YES,YES,NO,YES,YES,WITHIN_3_MONTHS,0,12,0,11,31,0,0,0,19,12,6,8,LOW
SYN-00340,privacy_conscious,FRIENDS,NO,NO,NO,NOT_SURE,NOT_SURE,NOT_SURE,NO,NO,PRIVATE,NEVER,NO,SOMETIMES,NOT_SURE,SOMETIMES,YES,YES,NO,YES,NOT_SURE,WITHIN_3_MONTHS,30,6,37,18,24,28,0,36,14,22,13,19,LOW
SYN-00341,privacy_conscious,FRIENDS,NO,NO,NO,NO,NO,NO,NO,NO,PRIVATE,NEVER,SOMETIMES,SOMETIMES,YES,YES,YES,YES,NO,SOMETIMES,SOMETIMES,WITHIN_YEAR,13,0,9,0,28,0,8,8,46,19,8,13,LOW
SYN-00342,average_user,PUBLIC,NOT_SURE,NOT_SURE,NO,YES,SOMETIMES,NO,NO,NOT_SURE,FRIENDS,ALWAYS,SOMETIMES,OFTEN,YES,YES,YES,NOT_SURE,NO,SOMETIMES,SOMETIMES,OVER_A_YEAR,57,39,63,39,62,16,17,9,14,50,27,39,MODERATE
SYN-00343,casual_sharer,NOT_SURE,YES,YES,NOT_SURE,NOT_SURE,SOMETIMES,NOT_SURE,NOT_SURE,NOT_SURE,FRIENDS,OFTEN,YES,OFTEN,NOT_SURE,SOMETIMES,YES,NOT_SURE,YES,YES,SOMETIMES,NEVER,67,82,70,57,63,83,41,74,69,65,46,66,HIGH
SYN-00344,casual_sharer,PRIVATE,YES,YES,NOT_SURE,YES,YES,YES,YES,YES,NOT_SURE,OFTEN,YES,SOMETIMES,NO,SOMETIMES,NO,NOT_SURE,YES,SOMETIMES,SOMETIMES,WITHIN_YEAR,51,85,87,61,46,95,86,62,70,56,48,72,CRITICAL
SYN-00345,oversharer,PUBLIC,YES,YES,YES,YES,YES,YES,YES,YES,PUBLIC,ALWAYS,NOT_SURE,ALWAYS,NOT_SURE,NO,YES,NO,YES,NO,NO,OVER_A_YEAR,100,100,85,74,88,88,76,100,87,93,52,88,CRITICAL
SYN-00346,casual_sharer,FRIENDS,YES,YES,YES,NO,SOMETIMES,YES,YES,NOT_SURE,PUBLIC,NEVER,NOT_SURE,SOMETIMES,NO,SOMETIMES,NO,NOT_SURE,YES,SOMETIMES,SOMETIMES,WITHIN_YEAR,43,88,31,82,50,76,88,61,57,33,41,63,HIGH
SYN-00347,average_user,FRIENDS,YES,NOT_SURE,NO,NO,NO,NO,YES,YES,PUBLIC,SOMETIMES,SOMETIMES,SOMETIMES,YES,YES,NOT_SURE,NOT_SURE,NO,NOT_SURE,NOT_SURE,WITHIN_3_MONTHS,46,46,21,66,37,8,42,0,30,40,25,37,MODERATE
SYN-00348,average_user,FRIENDS,NO,NO,NOT_SURE,NOT_SURE,SOMETIMES,NO,NO,YES,PRIVATE,SOMETIMES,SOMETIMES,SOMETIMES,YES,SOMETIMES,YES,YES,NO,SOMETIMES,YES,WITHIN_YEAR,20,21,35,26,15,12,6,30,13,13,13,19,LOW
SYN-00349,casual_sharer,PUBLIC,YES,NOT_SURE,NOT_SURE,YES,YES,NOT_SURE,NOT_SURE,YES,FRIENDS,ALWAYS,YES,ALWAYS,YES,NOT_SURE,NO,NOT_SURE,YES,SOMETIMES,YES,OVER_A_YEAR,68,81,96,52,64,41,74,81,58,46,44,70,HIGH
SYN-00350,average_user,FRIENDS,NO,NO,NOT_SURE,NO,NO,NO,NO,NO,FRIENDS,NEVER,SOMETIMES,SOMETIMES,YES,NOT_SURE,YES,YES,NO,YES,NOT_SURE,WITHIN_3_MONTHS,43,10,15,31,15,39,6,34,32,44,15,23,MODERATE
SYN-00351,casual_sharer,PUBLIC,YES,NOT_SURE,YES,NO,NOT_SURE,YES,NOT_SURE,YES,FRIENDS,ALWAYS,SOMETIMES,SOMETIMES,YES,SOMETIMES,NOT_SURE,YES,NOT_SURE,NO,SOMETIMES,OVER_A_YEAR,83,92,52,49,46,0,37,47,75,49,35,57,HIGH
SYN-00352,casual_sharer,PRIVATE,NOT_SURE,YES,NOT_SURE,NOT_SURE,NOT_SURE,NOT_SURE,YES,NOT_SURE,NOT_SURE,ALWAYS,SOMETIMES,OFTEN,YES,SOMETIMES,NOT_SURE,NO,NOT_SURE,SOMETIMES,SOMETIMES,OVER_A_YEAR,43,68,60,55,69,24,76,60,27,76,43,58,HIGH
SYN-00353,privacy_conscious,PRIVATE,NO,NOT_SURE,NO,NOT_SURE,NO,NOT_SURE,NO,NOT_SURE,FRIENDS,NEVER,NO,SOMETIMES,YES,YES,YES,YES,NO,YES,SOMETIMES,WITHIN_3_MONTHS,7,41,15,21,24,13,6,8,11,22,12,18,LOW
SYN-00354,average_user,PUBLIC,NO,NO,YES,NOT_SURE,SOMETIMES,NO,NO,NO,FRIENDS,NEVER,YES,NEVER,NO,SOMETIMES,YES,YES,NO,YES,SOMETIMES,OVER_A_YEAR,47,38,57,52,22,95,0,62,37,65,29,41,HIGH
SYN-00355,average_user,FRIENDS,YES,NO,YES,NO,NO,NOT_SURE,NOT_SURE,NO,PRIVATE,SOMETIMES,SOMETIMES,SOMETIMES,NOT_SURE,YES,YES,YES,NO,NOT_SURE,SOMETIMES,OVER_A_YEAR,51,69,37,26,50,83,6,17,57,40,30,42,HIGH
SYN-00356,average_user,FRIENDS,NO,NO,NOT_SURE,NO,NO,NOT_SURE,NOT_SURE,NO,FRIENDS,OFTEN,NO,SOMETIMES,NOT_SURE,SOMETIMES,YES,NO,YES,YES,YES,WITHIN_3_MONTHS,67,33,17,73,37,88,48,42,37,6,28,43,HIGH
SYN-00357,oversharer,NOT_SURE,YES,YES,YES,YES,NOT_SURE,YES,YES,YES,FRIENDS,OFTEN,YES,ALWAYS,NOT_SURE,NOT_SURE,NO,NO,YES,NOT_SURE,NOT_SURE,NEVER,87,100,87,75,91,75,93,68,87,74,51,87,CRITICAL
SYN-00358,average_user,FRIENDS,NO,NO,NO,NO,SOMETIMES,NOT_SURE,YES,NO,FRIENDS,SOMETIMES,NO,NEVER,YES,SOMETIMES,YES,YES,NOT_SURE,NOT_SURE,NO,WITHIN_YEAR,42,34,30,49,36,8,20,28,50,51,23,35,MODERATE
SYN-00359,average_user,PRIVATE,NO,YES,NO,NO,NO,NO,NOT_SURE,NOT_SURE,PUBLIC,ALWAYS,SOMETIMES,SOMETIMES,NOT_SURE,SOMETIMES,NOT_SURE,NO,YES,SOMETIMES,SOMETIMES,NEVER,22,24,30,65,37,41,81,51,43,58,29,44,HIGH
SYN-00360,oversharer,PUBLIC,YES,YES,YES,YES,YES,NOT_SURE,YES,YES,FRIENDS,SOMETIMES,SOMETIMES,ALWAYS,NO,SOMETIMES,NO,NO,NOT_SURE,SOMETIMES,NOT_SURE,OVER_A_YEAR,93,96,74,63,91,84,84,72,88,82,51,84,CRITICAL
SYN-00361,oversharer,NOT_SURE,NOT_SURE,YES,YES,YES,SOMETIMES,YES,NOT_SURE,YES,PUBLIC,OFTEN,YES,OFTEN,NO,NOT_SURE,NO,NO,YES,NO,SOMETIMES,WITHIN_3_MONTHS,43,81,76,76,69,100,94,59,89,39,46,75,CRITICAL
SYN-00362,privacy_conscious,FRIENDS,NO,NO,NO,NO,NO,NO,NO,NO,FRIENDS,NEVER,NO,NEVER,YES,YES,YES,YES,NO,YES,NOT_SURE,OVER_A_YEAR,13,0,0,21,22,0,0,14,6,39,6,9,LOW
SYN-00363,average_user,PRIVATE,NO,NOT_SURE,YES,NO,NO,YES,NOT_SURE,NO,FRIENDS,SOMETIMES,NO,NEVER,YES,YES,YES,YES,NO,SOMETIMES,YES,WITHIN_YEAR,7,52,12,54,22,20,6,22,75,7,19,29,MODERATE
SYN-00364,oversharer,PUBLIC,YES,NOT_SURE,YES,YES,YES,NOT_SURE,NOT_SURE,NOT_SURE,PUBLIC,OFTEN,NOT_SURE,ALWAYS,NOT_SURE,SOMETIMES,YES,NOT_SURE,NOT_SURE,NO,SOMETIMES,OVER_A_YEAR,68,83,89,82,85,77,56,67,100,62,50,78,CRITICAL
SYN-00365,casual_sharer,PUBLIC,YES,YES,YES,NO,NOT_SURE,NOT_SURE,YES,YES,NOT_SURE,OFTEN,SOMETIMES,OFTEN,YES,NO,YES,NOT_SURE,NO,NO,YES,WITHIN_YEAR,93,88,47,53,78,12,11,63,89,44,39,59,HIGH
SYN-00366,privacy_conscious,PRIVATE,NO,NO,NO,NO,NO,NO,NO,YES,FRIENDS,SOMETIMES,NO,SOMETIMES,YES,SOMETIMES,YES,YES,NO,YES,SOMETIMES,WITHIN_YEAR,10,23,12,33,28,44,0,26,5,19,11,17,LOW
SYN-00367,oversharer,PUBLIC,NOT_SURE,NO,YES,NOT_SURE,YES,NOT_SURE,NOT_SURE,YES,FRIENDS,SOMETIMES,SOMETIMES,SOMETIMES,NO,SOMETIMES,NO,NO,YES,NO,SOMETIMES,WITHIN_YEAR,100,63,65,52,68,92,100,49,90,67,46,76,CRITICAL
SYN-00368,casual_sharer,NOT_SURE,YES,YES,YES,YES,YES,YES,NOT_SURE,YES,PUBLIC,ALWAYS,SOMETIMES,SOMETIMES,NOT_SURE,NO,NOT_SURE,NOT_SURE,YES,NOT_SURE,SOMETIMES,OVER_A_YEAR,80,89,83,74,66,75,84,91,66,73,49,79,CRITICAL
SYN-00369,casual_sharer,PUBLIC,YES,YES,YES,YES,YES,NOT_SURE,NOT_SURE,NO,FRIENDS,OFTEN,YES,OFTEN,YES,SOMETIMES,NOT_SURE,NO,NOT_SURE,SOMETIMES,SOMETIMES,OVER_A_YEAR,100,83,85,38,72,16,74,58,76,50,44,71,CRITICAL
SYN-00370,oversharer,NOT_SURE,YES,NOT_SURE,YES,YES,YES,YES,YES,YES,PUBLIC,ALWAYS,YES,ALWAYS,NO,NOT_SURE,NOT_SURE,NO,YES,SOMETIMES,NO,OVER_A_YEAR,87,94,100,86,100,100,93,79,80,77,52,91,CRITICAL
SYN-00371,casual_sharer,PUBLIC,NO,YES,NO,YES,SOMETIMES,NOT_SURE,YES,YES,FRIENDS,NEVER,NO,ALWAYS,YES,SOMETIMES,NO,NO,YES,NOT_SURE,SOMETIMES,OVER_A_YEAR,77,37,32,65,82,60,87,38,88,60,40,62,HIGH
SYN-00372,casual_sharer,NOT_SURE,NOT_SURE,NO,YES,YES,YES,YES,YES,NOT_SURE,PUBLIC,OFTEN,SOMETIMES,ALWAYS,NOT_SURE,NOT_SURE,YES,YES,NOT_SURE,SOMETIMES,SOMETIMES,NEVER,87,66,71,100,82,72,14,54,59,68,43,65,HIGH
SYN-00373,privacy_conscious,FRIENDS,NO,NO,NO,NO,NO,NO,YES,NO,FRIENDS,NEVER,NO,NEVER,YES,SOMETIMES,YES,NO,NO,SOMETIMES,YES,WITHIN_3_MONTHS,27,7,7,48,9,12,22,28,34,0,14,19,LOW
SYN-00374,privacy_conscious,FRIENDS,NO,NO,NO,NO,NO,NO,NO,NO,PRIVATE,NEVER,NO,NEVER,YES,SOMETIMES,YES,YES,NO,YES,SOMETIMES,WITHIN_3_MONTHS,20,21,7,26,12,27,0,19,6,34,11,15,LOW
SYN-00375,privacy_conscious,PRIVATE,NO,NO,NO,NO,NO,NO,NO,NO,NOT_SURE,NEVER,NO,SOMETIMES,YES,YES,YES,NOT_SURE,NOT_SURE,YES,YES,WITHIN_3_MONTHS,7,0,6,45,15,12,40,8,18,0,10,16,LOW
SYN-00376,average_user,FRIENDS,YES,NO,NOT_SURE,NO,SOMETIMES,YES,NO,YES,FRIENDS,OFTEN,NOT_SURE,NEVER,NO,SOMETIMES,NOT_SURE,NOT_SURE,YES,SOMETIMES,SOMETIMES,WITHIN_YEAR,37,72,56,34,41,100,72,67,37,55,37,56,HIGH
SYN-00377,casual_sharer,FRIENDS,NOT_SURE,YES,YES,NO,SOMETIMES,NOT_SURE,NOT_SURE,YES,FRIENDS,SOMETIMES,NO,SOMETIMES,NOT_SURE,SOMETIMES,NOT_SURE,NO,YES,NOT_SURE,SOMETIMES,OVER_A_YEAR,37,85,24,57,62,72,74,57,87,65,43,61,HIGH
SYN-00378,casual_sharer,PUBLIC,YES,YES,YES,YES,SOMETIMES,YES,YES,YES,FRIENDS,SOMETIMES,YES,SOMETIMES,NOT_SURE,NO,YES,NO,NO,SOMETIMES,SOMETIMES,OVER_A_YEAR,82,100,64,28,50,72,39,62,54,57,39,61,HIGH
SYN-00379,average_user,FRIENDS,NO,NOT_SURE,NO,NOT_SURE,SOMETIMES,NO,NO,NO,FRIENDS,NEVER,NO,NEVER,NOT_SURE,YES,NO,NO,NO,SOMETIMES,NO,WITHIN_YEAR,54,21,20,41,22,36,58,22,34,42,23,35,MODERATE
SYN-00380,average_user,FRIENDS,NOT_SURE,NOT_SURE,YES,YES,SOMETIMES,YES,YES,NOT_SURE,FRIENDS,SOMETIMES,NOT_SURE,SOMETIMES,YES,SOMETIMES,NOT_SURE,YES,NOT_SURE,YES,NOT_SURE,WITHIN_3_MONTHS,13,74,56,47,50,0,37,44,76,40,31,48,HIGH
SYN-00381,average_user,FRIENDS,NO,YES,NOT_SURE,NOT_SURE,SOMETIMES,YES,NO,YES,FRIENDS,OFTEN,SOMETIMES,SOMETIMES,YES,SOMETIMES,NO,NO,YES,NO,NOT_SURE,OVER_A_YEAR,43,66,54,41,59,47,90,67,45,57,39,59,HIGH
SYN-00382,casual_sharer,FRIENDS,YES,NOT_SURE,NOT_SURE,NOT_SURE,NOT_SURE,YES,NO,NO,NOT_SURE,NEVER,NO,ALWAYS,NOT_SURE,SOMETIMES,YES,NOT_SURE,NOT_SURE,NOT_SURE,SOMETIMES,OVER_A_YEAR,52,50,30,61,85,40,46,38,84,59,37,54,HIGH
SYN-00383,privacy_conscious,FRIENDS,NO,NO,NO,NO,NO,NO,NO,NO,FRIENDS,NEVER,NO,SOMETIMES,YES,YES,NOT_SURE,YES,NOT_SURE,YES,YES,WITHIN_3_MONTHS,27,0,6,21,15,0,67,0,0,5,8,18,LOW
SYN-00384,privacy_conscious,NOT_SURE,NO,NO,NOT_SURE,NO,NO,NO,NO,NO,FRIENDS,SOMETIMES,NO,SOMETIMES,YES,YES,NO,YES,NOT_SURE,SOMETIMES,YES,OVER_A_YEAR,57,31,6,21,24,0,44,0,30,17,14,26,MODERATE
SYN-00385,average_user,FRIENDS,NO,NO,NO,NOT_SURE,SOMETIMES,NO,NOT_SURE,NO,FRIENDS,SOMETIMES,SOMETIMES,OFTEN,YES,YES,YES,YES,NO,SOMETIMES,SOMETIMES,OVER_A_YEAR,30,4,49,39,69,0,18,15,58,46,24,33,MODERATE
SYN-00386,oversharer,PUBLIC,NOT_SURE,NOT_SURE,NOT_SURE,YES,YES,YES,NOT_SURE,YES,FRIENDS,OFTEN,YES,ALWAYS,NO,SOMETIMES,NO,NO,NOT_SURE,NO,SOMETIMES,NEVER,90,77,96,47,100,87,84,60,87,73,49,82,CRITICAL
SYN-00387,casual_sharer,NOT_SURE,NO,NO,NO,YES,YES,NO,NO,NO,PRIVATE,ALWAYS,NOT_SURE,ALWAYS,NO,YES,NO,NOT_SURE,YES,NOT_SURE,NOT_SURE,WITHIN_YEAR,43,0,84,24,87,92,92,17,72,65,35,58,HIGH
SYN-00388,average_user,NOT_SURE,NO,NO,NO,YES,SOMETIMES,NO,NOT_SURE,NO,PRIVATE,SOMETIMES,NOT_SURE,SOMETIMES,NOT_SURE,SOMETIMES,NO,NOT_SURE,NO,NO,NO,OVER_A_YEAR,69,4,58,47,38,88,64,67,89,82,41,55,HIGH
SYN-00389,average_user,FRIENDS,NO,NOT_SURE,NO,YES,SOMETIMES,NO,NOT_SURE,NOT_SURE,FRIENDS,OFTEN,NOT_SURE,SOMETIMES,YES,YES,YES,YES,NO,YES,SOMETIMES,WITHIN_3_MONTHS,40,31,56,39,24,16,0,8,31,12,19,28,MODERATE
SYN-00390,average_user,FRIENDS,NO,NOT_SURE,NOT_SURE,NOT_SURE,NO,NOT_SURE,YES,YES,FRIENDS,NEVER,SOMETIMES,SOMETIMES,NOT_SURE,YES,NO,NO,NOT_SURE,NOT_SURE,SOMETIMES,OVER_A_YEAR,37,42,24,38,15,63,54,14,76,57,30,41,HIGH
SYN-00391,privacy_conscious,PRIVATE,NO,NOT_SURE,NO,NO,NO,NOT_SURE,NO,NOT_SURE,PRIVATE,NEVER,SOMETIMES,OFTEN,YES,SOMETIMES,YES,YES,NO,SOMETIMES,YES,WITHIN_YEAR,0,33,24,18,54,8,6,41,30,22,18,23,MODERATE
SYN-00392,average_user,FRIENDS,NO,NO,NOT_SURE,NO,SOMETIMES,NOT_SURE,NOT_SURE,NO,PRIVATE,NEVER,NO,NEVER,YES,SOMETIMES,YES,NOT_SURE,NO,YES,SOMETIMES,WITHIN_YEAR,13,21,17,0,25,0,20,36,11,41,13,17,LOW
SYN-00393,average_user,FRIENDS,NO,NO,NO,YES,SOMETIMES,NO,NO,NO,PRIVATE,SOMETIMES,SOMETIMES,NEVER,NOT_SURE,YES,YES,YES,NOT_SURE,SOMETIMES,SOMETIMES,WITHIN_YEAR,50,0,52,37,22,28,20,9,39,30,22,29,MODERATE
SYN-00394,average_user,FRIENDS,NOT_SURE,NO,NO,NO,YES,NO,NO,NO,FRIENDS,OFTEN,SOMETIMES,SOMETIMES,NOT_SURE,SOMETIMES,NO,NOT_SURE,YES,SOMETIMES,SOMETIMES,WITHIN_YEAR,37,25,65,54,28,40,82,26,50,43,30,48,HIGH
SYN-00395,casual_sharer,FRIENDS,NOT_SURE,YES,NOT_SURE,NO,SOMETIMES,NO,YES,NO,PRIVATE,ALWAYS,NO,SOMETIMES,NO,SOMETIMES,NO,NO,YES,NO,SOMETIMES,WITHIN_YEAR,37,43,39,42,50,76,96,26,57,31,33,52,HIGH
SYN-00396,casual_sharer,FRIENDS,NOT_SURE,NOT_SURE,NO,NO,NO,NOT_SURE,NOT_SURE,YES,NOT_SURE,SOMETIMES,SOMETIMES,SOMETIMES,NO,SOMETIMES,NO,NOT_SURE,NOT_SURE,NO,SOMETIMES,WITHIN_YEAR,67,54,29,53,37,92,70,51,79,56,39,56,HIGH
SYN-00397,oversharer,NOT_SURE,NOT_SURE,YES,YES,YES,SOMETIMES,NOT_SURE,YES,YES,NOT_SURE,OFTEN,YES,ALWAYS,NO,YES,YES,NO,NOT_SURE,NO,SOMETIMES,OVER_A_YEAR,61,79,76,87,91,100,53,26,91,60,46,74,CRITICAL
SYN-00398,average_user,FRIENDS,NO,NO,NOT_SURE,YES,SOMETIMES,NO,NO,NO,FRIENDS,NEVER,SOMETIMES,SOMETIMES,NOT_SURE,SOMETIMES,YES,YES,NOT_SURE,SOMETIMES,SOMETIMES,WITHIN_YEAR,20,23,54,52,62,52,31,26,27,43,26,38,MODERATE
SYN-00399,oversharer,FRIENDS,YES,NOT_SURE,YES,YES,YES,YES,NO,YES,PUBLIC,ALWAYS,SOMETIMES,OFTEN,NO,NOT_SURE,NOT_SURE,NO,NOT_SURE,NOT_SURE,NO,NEVER,53,88,82,89,68,80,74,89,59,100,45,77,CRITICAL
SYN-00400,privacy_conscious,FRIENDS,NO,NO,NO,NOT_SURE,NO,NOT_SURE,NO,NO,FRIENDS,SOMETIMES,NO,NEVER,YES,YES,YES,YES,NO,SOMETIMES,YES,WITHIN_YEAR,20,6,21,13,0,0,0,8,13,12,4,10,LOW
SYN-00401,average_user,FRIENDS,NO,NO,NO,NO,SOMETIMES,NO,NO,NO,FRIENDS,SOMETIMES,NO,ALWAYS,NO,SOMETIMES,YES,NOT_SURE,YES,NO,SOMETIMES,NEVER,57,0,23,52,38,56,50,77,75,85,30,44,HIGH
SYN-00402,casual_sharer,FRIENDS,YES,YES,NOT_SURE,NOT_SURE,SOMETIMES,YES,NO,NO,NOT_SURE,ALWAYS,SOMETIMES,ALWAYS,NOT_SURE,NO,NO,NO,YES,SOMETIMES,NO,NEVER,37,68,64,55,88,88,96,85,66,90,46,72,CRITICAL
SYN-00403,average_user,FRIENDS,YES,NO,NOT_SURE,NOT_SURE,SOMETIMES,NOT_SURE,NOT_SURE,NO,PRIVATE,SOMETIMES,YES,SOMETIMES,YES,SOMETIMES,YES,YES,NO,SOMETIMES,NO,NEVER,50,41,65,8,49,39,6,57,26,100,28,40,MODERATE
SYN-00404,average_user,FRIENDS,NO,NO,NO,NO,SOMETIMES,NO,NO,NO,PRIVATE,SOMETIMES,SOMETIMES,SOMETIMES,YES,SOMETIMES,NOT_SURE,YES,NO,NOT_SURE,NO,NEVER,40,0,32,36,61,0,23,26,31,70,21,30,MODERATE
SYN-00405,oversharer,PUBLIC,NOT_SURE,YES,YES,YES,SOMETIMES,YES,YES,NOT_SURE,FRIENDS,OFTEN,YES,OFTEN,NO,NO,NO,NO,NOT_SURE,SOMETIMES,NO,NEVER,84,67,85,67,77,76,75,90,54,79,47,74,CRITICAL
SYN-00406,average_user,FRIENDS,NOT_SURE,NO,YES,NO,NO,YES,NOT_SURE,NO,FRIENDS,OFTEN,SOMETIMES,SOMETIMES,YES,SOMETIMES,NO,NOT_SURE,NO,NO,YES,WITHIN_YEAR,43,44,31,55,41,25,44,28,71,29,28,43,HIGH
SYN-00407,casual_sharer,FRIENDS,NOT_SURE,YES,YES,NOT_SURE,SOMETIMES,YES,NOT_SURE,YES,PUBLIC,OFTEN,YES,SOMETIMES,YES,NO,NO,NO,NOT_SURE,YES,SOMETIMES,WITHIN_YEAR,67,89,79,100,37,28,69,95,22,63,41,67,HIGH
SYN-00408,average_user,FRIENDS,YES,NOT_SURE,NO,NOT_SURE,NOT_SURE,NOT_SURE,YES,NOT_SURE,FRIENDS,NEVER,SOMETIMES,OFTEN,NOT_SURE,YES,NOT_SURE,NO,YES,NOT_SURE,SOMETIMES,WITHIN_YEAR,58,48,46,38,78,41,93,0,82,54,38,58,HIGH
SYN-00409,casual_sharer,PRIVATE,YES,NOT_SURE,YES,NOT_SURE,NOT_SURE,NOT_SURE,YES,NOT_SURE,PUBLIC,SOMETIMES,SOMETIMES,OFTEN,NOT_SURE,SOMETIMES,YES,NOT_SURE,NOT_SURE,SOMETIMES,SOMETIMES,OVER_A_YEAR,40,78,61,75,74,56,54,62,52,55,43,62,HIGH
SYN-00410,oversharer,PUBLIC,YES,NOT_SURE,YES,NO,NO,NOT_SURE,YES,YES,NOT_SURE,SOMETIMES,NO,ALWAYS,NOT_SURE,NOT_SURE,NOT_SURE,NO,YES,NO,SOMETIMES,WITHIN_YEAR,72,82,19,72,91,44,87,60,93,46,40,68,HIGH
SYN-00411,average_user,FRIENDS,YES,YES,YES,NO,SOMETIMES,YES,YES,YES,PUBLIC,NEVER,SOMETIMES,ALWAYS,NOT_SURE,NO,NO,NOT_SURE,YES,SOMETIMES,YES,WITHIN_3_MONTHS,41,100,26,78,76,41,74,79,50,12,35,61,HIGH
SYN-00412,oversharer,FRIENDS,YES,NOT_SURE,YES,YES,YES,YES,NOT_SURE,NOT_SURE,FRIENDS,OFTEN,YES,ALWAYS,NOT_SURE,NO,NOT_SURE,NOT_SURE,YES,SOMETIMES,NO,OVER_A_YEAR,61,79,93,81,100,77,81,70,85,89,49,82,CRITICAL
SYN-00413,privacy_conscious,PRIVATE,NO,NO,NOT_SURE,NO,SOMETIMES,NO,NO,NO,PRIVATE,NEVER,SOMETIMES,OFTEN,YES,SOMETIMES,YES,YES,NO,YES,SOMETIMES,NEVER,10,10,35,25,28,0,6,19,0,56,15,18,LOW
SYN-00414,average_user,PRIVATE,YES,NO,YES,NO,NOT_SURE,YES,NOT_SURE,YES,FRIENDS,SOMETIMES,SOMETIMES,OFTEN,YES,NO,YES,NOT_SURE,NOT_SURE,SOMETIMES,SOMETIMES,WITHIN_YEAR,17,63,34,55,63,36,32,75,61,30,29,46,HIGH
SYN-00415,average_user,FRIENDS,NO,NOT_SURE,NO,NOT_SURE,SOMETIMES,NO,NOT_SURE,NO,FRIENDS,SOMETIMES,SOMETIMES,SOMETIMES,YES,YES,NO,NOT_SURE,NOT_SURE,YES,YES,WITHIN_3_MONTHS,37,12,49,47,59,12,76,17,14,30,25,39,MODERATE
SYN-00416,privacy_conscious,FRIENDS,NO,NO,NO,NO,NO,NO,NO,NO,PRIVATE,NEVER,NO,NEVER,YES,YES,YES,YES,NO,YES,SOMETIMES,WITHIN_YEAR,13,0,0,0,12,8,0,0,8,34,5,5,LOW
SYN-00417,casual_sharer,NOT_SURE,YES,NOT_SURE,YES,NO,YES,NO,NOT_SURE,YES,NOT_SURE,SOMETIMES,NO,SOMETIMES,NO,NO,NO,NO,NOT_SURE,NO,NO,OVER_A_YEAR,61,73,43,57,28,81,69,61,29,84,37,57,HIGH
SYN-00418,casual_sharer,PUBLIC,YES,NOT_SURE,YES,YES,YES,YES,YES,YES,PUBLIC,OFTEN,YES,OFTEN,NO,NOT_SURE,NO,NOT_SURE,YES,NO,NO,OVER_A_YEAR,100,86,96,86,85,89,77,65,82,89,52,86,CRITICAL
SYN-00419,average_user,NOT_SURE,NO,NO,NO,YES,NOT_SURE,NO,NO,NO,NOT_SURE,OFTEN,SOMETIMES,NEVER,NOT_SURE,NOT_SURE,NO,NO,YES,SOMETIMES,SOMETIMES,WITHIN_YEAR,78,0,56,46,9,80,87,84,58,48,36,51,HIGH
SYN-00420,oversharer,PUBLIC,YES,NOT_SURE,YES,YES,YES,YES,YES,YES,PUBLIC,ALWAYS,YES,OFTEN,NO,NO,NO,NO,NOT_SURE,NO,SOMETIMES,NEVER,96,94,96,75,69,100,87,95,89,85,52,88,CRITICAL
SYN-00421,oversharer,FRIENDS,YES,YES,YES,YES,SOMETIMES,YES,YES,YES,PUBLIC,ALWAYS,SOMETIMES,SOMETIMES,NO,NO,YES,NO,NOT_SURE,NO,NOT_SURE,WITHIN_YEAR,76,100,71,87,70,89,53,90,77,71,47,77,CRITICAL
SYN-00422,average_user,FRIENDS,YES,NOT_SURE,NO,NO,NO,NO,NO,NO,PRIVATE,SOMETIMES,NO,OFTEN,NOT_SURE,SOMETIMES,YES,NO,YES,NO,NOT_SURE,WITHIN_YEAR,30,50,12,0,50,36,54,44,66,68,24,39,MODERATE
SYN-00423,casual_sharer,FRIENDS,NO,YES,YES,YES,SOMETIMES,NO,NO,YES,FRIENDS,SOMETIMES,SOMETIMES,OFTEN,NOT_SURE,SOMETIMES,NOT_SURE,NOT_SURE,NO,SOMETIMES,NOT_SURE,OVER_A_YEAR,41,54,56,55,78,48,51,36,19,86,35,52,HIGH
SYN-00424,oversharer,FRIENDS,YES,YES,YES,NOT_SURE,YES,YES,YES,NOT_SURE,PUBLIC,ALWAYS,SOMETIMES,SOMETIMES,YES,SOMETIMES,NO,NOT_SURE,YES,NO,NO,NEVER,60,96,76,86,37,47,95,69,100,76,46,78,CRITICAL
SYN-00425,average_user,PRIVATE,NOT_SURE,NOT_SURE,NOT_SURE,NOT_SURE,NO,NO,NOT_SURE,NO,NOT_SURE,OFTEN,YES,OFTEN,YES,SOMETIMES,YES,YES,NO,SOMETIMES,YES,WITHIN_3_MONTHS,27,56,46,44,63,25,8,61,38,21,30,39,MODERATE
SYN-00426,privacy_conscious,FRIENDS,NO,NO,NOT_SURE,NOT_SURE,NO,NO,NO,NO,NOT_SURE,SOMETIMES,NOT_SURE,SOMETIMES,YES,YES,NOT_SURE,NOT_SURE,NO,YES,YES,WITHIN_3_MONTHS,13,10,37,36,28,0,34,23,5,0,13,22,MODERATE
SYN-00427,casual_sharer,PRIVATE,NOT_SURE,NO,NO,NOT_SURE,NOT_SURE,NOT_SURE,YES,NOT_SURE,FRIENDS,NEVER,NO,SOMETIMES,NOT_SURE,SOMETIMES,NOT_SURE,NOT_SURE,YES,SOMETIMES,SOMETIMES,WITHIN_YEAR,53,44,33,41,43,64,77,57,62,58,39,52,HIGH
SYN-00428,average_user,PRIVATE,NO,NO,NO,NO,NO,NO,NO,NO,FRIENDS,NEVER,SOMETIMES,OFTEN,YES,NOT_SURE,NOT_SURE,YES,YES,SOMETIMES,YES,WITHIN_YEAR,13,0,17,52,41,0,47,26,30,7,15,25,MODERATE
SYN-00429,casual_sharer,PUBLIC,YES,YES,NO,NO,SOMETIMES,YES,NOT_SURE,NO,FRIENDS,OFTEN,SOMETIMES,ALWAYS,NO,SOMETIMES,NOT_SURE,YES,NO,NO,SOMETIMES,OVER_A_YEAR,93,70,50,55,94,92,25,67,92,75,44,67,HIGH
SYN-00430,average_user,PRIVATE,NO,NO,NO,YES,SOMETIMES,NO,NO,NO,FRIENDS,OFTEN,SOMETIMES,SOMETIMES,YES,NO,YES,NOT_SURE,NO,SOMETIMES,SOMETIMES,WITHIN_YEAR,7,0,52,39,46,0,38,91,75,48,26,37,MODERATE
SYN-00431,privacy_conscious,FRIENDS,NO,NO,NO,NO,NO,NO,NO,NO,PRIVATE,SOMETIMES,NO,NEVER,YES,SOMETIMES,NOT_SURE,YES,NOT_SURE,YES,SOMETIMES,WITHIN_3_MONTHS,61,0,21,8,22,0,52,36,20,34,18,26,MODERATE
SYN-00432,average_user,PRIVATE,NOT_SURE,YES,NOT_SURE,NO,NO,NOT_SURE,YES,NOT_SURE,FRIENDS,SOMETIMES,SOMETIMES,OFTEN,NO,SOMETIMES,NOT_SURE,YES,NOT_SURE,YES,YES,WITHIN_3_MONTHS,27,68,23,49,41,48,40,60,23,6,27,39,MODERATE
SYN-00433,average_user,FRIENDS,NOT_SURE,NO,NO,NO,NO,NOT_SURE,NO,NO,PRIVATE,ALWAYS,SOMETIMES,OFTEN,YES,SOMETIMES,NOT_SURE,YES,YES,SOMETIMES,SOMETIMES,OVER_A_YEAR,20,31,37,16,76,47,59,57,38,71,31,43,HIGH
SYN-00434,privacy_conscious,FRIENDS,NOT_SURE,NO,NO,YES,NO,NO,NOT_SURE,NO,FRIENDS,NEVER,NO,NEVER,YES,YES,YES,YES,NO,SOMETIMES,YES,WITHIN_3_MONTHS,13,17,28,28,0,0,6,19,63,6,12,19,LOW
SYN-00435,oversharer,PUBLIC,YES,YES,NOT_SURE,YES,YES,YES,YES,YES,PUBLIC,OFTEN,SOMETIMES,ALWAYS,NO,NO,NO,NO,NOT_SURE,SOMETIMES,SOMETIMES,OVER_A_YEAR,90,85,76,92,76,92,84,95,66,65,50,82,CRITICAL
SYN-00436,privacy_conscious,FRIENDS,NO,NO,NO,NO,SOMETIMES,NO,NO,NO,PRIVATE,SOMETIMES,SOMETIMES,OFTEN,YES,YES,YES,YES,NO,SOMETIMES,YES,WITHIN_YEAR,20,0,34,11,41,12,0,0,22,45,13,17,LOW
SYN-00437,oversharer,PUBLIC,YES,YES,YES,YES,YES,YES,YES,YES,PUBLIC,OFTEN,NOT_SURE,SOMETIMES,NO,NO,NOT_SURE,NO,YES,SOMETIMES,NOT_SURE,NEVER,93,100,78,100,50,92,93,100,76,86,52,86,CRITICAL
SYN-00438,oversharer,FRIENDS,NO,NO,NO,NOT_SURE,NOT_SURE,NOT_SURE,NO,YES,NOT_SURE,OFTEN,YES,SOMETIMES,NO,NO,NO,NO,YES,NOT_SURE,NOT_SURE,NEVER,76,17,73,65,37,100,100,69,91,89,43,68,HIGH
SYN-00439,average_user,PRIVATE,NOT_SURE,YES,NOT_SURE,NO,NOT_SURE,NOT_SURE,NOT_SURE,YES,FRIENDS,NEVER,NO,NEVER,YES,NO,YES,YES,NOT_SURE,SOMETIMES,YES,WITHIN_YEAR,7,78,19,21,22,12,20,78,42,27,23,33,MODERATE
SYN-00440,oversharer,PUBLIC,YES,NOT_SURE,YES,YES,YES,NOT_SURE,YES,NOT_SURE,NOT_SURE,OFTEN,SOMETIMES,ALWAYS,NOT_SURE,NO,NO,NO,YES,SOMETIMES,SOMETIMES,NEVER,93,86,80,87,89,80,96,86,67,85,52,85,CRITICAL
SYN-00441,oversharer,FRIENDS,NOT_SURE,YES,NOT_SURE,YES,YES,YES,NOT_SURE,NOT_SURE,PRIVATE,NEVER,SOMETIMES,SOMETIMES,NO,SOMETIMES,YES,NO,NOT_SURE,SOMETIMES,YES,WITHIN_3_MONTHS,40,78,66,42,65,100,57,67,65,11,40,60,HIGH
SYN-00442,privacy_conscious,NOT_SURE,NOT_SURE,NO,NO,NO,NO,NOT_SURE,NO,NO,FRIENDS,SOMETIMES,NO,NEVER,YES,SOMETIMES,YES,YES,NOT_SURE,YES,NOT_SURE,WITHIN_YEAR,53,19,19,39,22,0,14,36,8,30,17,23,MODERATE
SYN-00443,oversharer,PUBLIC,YES,YES,YES,YES,YES,YES,YES,YES,PUBLIC,OFTEN,YES,ALWAYS,NO,NO,NO,NO,YES,NO,NO,NEVER,91,100,81,82,76,100,100,88,92,96,52,90,CRITICAL
SYN-00444,oversharer,NOT_SURE,YES,YES,YES,YES,YES,YES,NOT_SURE,YES,PUBLIC,ALWAYS,YES,ALWAYS,YES,NOT_SURE,NO,NO,YES,NO,NO,OVER_A_YEAR,78,97,91,84,72,35,100,79,79,89,49,85,CRITICAL
SYN-00445,casual_sharer,NOT_SURE,NO,NO,NOT_SURE,NOT_SURE,YES,NO,NO,NO,PUBLIC,SOMETIMES,SOMETIMES,SOMETIMES,NOT_SURE,NOT_SURE,NOT_SURE,NO,NOT_SURE,NOT_SURE,NOT_SURE,OVER_A_YEAR,66,10,76,92,50,88,80,79,51,59,40,62,HIGH
SYN-00446,casual_sharer,FRIENDS,NO,YES,YES,NO,NOT_SURE,NO,YES,YES,FRIENDS,OFTEN,SOMETIMES,SOMETIMES,NO,NO,NO,NOT_SURE,YES,NO,SOMETIMES,NEVER,64,61,56,31,50,76,86,45,75,54,39,61,HIGH
SYN-00447,oversharer,PUBLIC,YES,YES,YES,YES,SOMETIMES,YES,NOT_SURE,NOT_SURE,FRIENDS,OFTEN,YES,ALWAYS,NOT_SURE,SOMETIMES,NO,NOT_SURE,YES,NOT_SURE,NO,OVER_A_YEAR,100,85,78,39,78,88,84,47,71,85,50,77,CRITICAL
SYN-00448,average_user,FRIENDS,NOT_SURE,NOT_SURE,YES,NO,YES,NOT_SURE,YES,YES,PRIVATE,NEVER,SOMETIMES,SOMETIMES,YES,SOMETIMES,NO,NOT_SURE,NOT_SURE,SOMETIMES,SOMETIMES,WITHIN_YEAR,33,74,40,34,37,20,56,19,65,19,31,45,HIGH
SYN-00449,average_user,FRIENDS,NOT_SURE,NOT_SURE,NOT_SURE,NO,NO,NOT_SURE,NOT_SURE,YES,PRIVATE,SOMETIMES,SOMETIMES,SOMETIMES,YES,SOMETIMES,NOT_SURE,NOT_SURE,NOT_SURE,SOMETIMES,SOMETIMES,OVER_A_YEAR,20,72,29,19,28,47,48,51,80,65,33,45,HIGH
SYN-00450,casual_sharer,NOT_SURE,NOT_SURE,NOT_SURE,YES,NO,SOMETIMES,NOT_SURE,NOT_SURE,YES,NOT_SURE,SOMETIMES,SOMETIMES,ALWAYS,NO,SOMETIMES,YES,NO,NOT_SURE,YES,NOT_SURE,WITHIN_YEAR,67,79,49,58,78,65,60,67,42,57,43,62,HIGH
SYN-00451,privacy_conscious,FRIENDS,NO,NOT_SURE,NO,NO,NO,NO,NO,NO,NOT_SURE,NEVER,NOT_SURE,OFTEN,YES,YES,NOT_SURE,YES,NOT_SURE,SOMETIMES,YES,WITHIN_YEAR,13,8,17,27,50,12,46,0,19,19,14,23,MODERATE
SYN-00452,average_user,PRIVATE,NO,NO,NO,NOT_SURE,NOT_SURE,NO,NO,NO,PRIVATE,OFTEN,NO,SOMETIMES,YES,NOT_SURE,YES,NO,NO,YES,NOT_SURE,WITHIN_YEAR,47,0,48,37,24,0,36,84,11,42,22,31,MODERATE
SYN-00453,privacy_conscious,FRIENDS,YES,NOT_SURE,NO,NO,NO,NO,NO,NO,FRIENDS,SOMETIMES,NO,NEVER,YES,YES,YES,YES,NO,SOMETIMES,YES,WITHIN_3_MONTHS,33,41,24,47,9,24,0,9,39,0,18,24,MODERATE
SYN-00454,casual_sharer,PUBLIC,YES,YES,YES,NOT_SURE,YES,NO,YES,YES,FRIENDS,ALWAYS,SOMETIMES,ALWAYS,NOT_SURE,SOMETIMES,NOT_SURE,YES,YES,NOT_SURE,NO,OVER_A_YEAR,89,81,81,48,88,69,73,57,48,82,48,73,CRITICAL
SYN-00455,average_user,PRIVATE,NO,NO,NO,NO,NO,NO,NO,NO,PRIVATE,NEVER,NO,NEVER,YES,YES,YES,YES,NO,SOMETIMES,YES,WITHIN_YEAR,0,0,0,16,22,8,0,8,35,18,7,9,LOW
SYN-00456,average_user,PRIVATE,NO,NO,NO,YES,NO,NO,NO,YES,PRIVATE,SOMETIMES,NO,NEVER,YES,YES,NOT_SURE,NOT_SURE,NO,SOMETIMES,NOT_SURE,OVER_A_YEAR,0,10,39,53,12,0,28,8,27,33,15,23,MODERATE
SYN-00457,average_user,NOT_SURE,YES,NO,NOT_SURE,NOT_SURE,SOMETIMES,NOT_SURE,NO,NOT_SURE,FRIENDS,SOMETIMES,NOT_SURE,SOMETIMES,YES,NOT_SURE,YES,YES,NO,YES,SOMETIMES,WITHIN_3_MONTHS,47,56,50,41,28,25,0,50,50,32,26,38,MODERATE
SYN-00458,average_user,PRIVATE,NO,NO,NOT_SURE,NO,SOMETIMES,YES,NO,YES,NOT_SURE,SOMETIMES,YES,SOMETIMES,YES,SOMETIMES,NOT_SURE,NOT_SURE,YES,YES,SOMETIMES,WITHIN_3_MONTHS,13,31,49,64,50,20,81,38,42,37,30,46,HIGH
SYN-00459,casual_sharer,NOT_SURE,NO,NOT_SURE,YES,YES,YES,YES,NOT_SURE,NOT_SURE,PUBLIC,OFTEN,YES,OFTEN,NO,NO,NO,NO,YES,NOT_SURE,SOMETIMES,OVER_A_YEAR,87,67,85,95,85,100,84,92,70,73,50,82,CRITICAL
SYN-00460,average_user,PUBLIC,NOT_SURE,NO,NO,NO,SOMETIMES,YES,NO,NO,PRIVATE,SOMETIMES,NOT_SURE,NEVER,YES,YES,NO,NO,YES,SOMETIMES,NO,WITHIN_YEAR,74,43,37,33,44,33,93,9,38,41,30,49,HIGH
SYN-00461,privacy_conscious,PRIVATE,NO,NO,NO,NO,NO,NO,NO,NO,FRIENDS,SOMETIMES,NO,NEVER,YES,SOMETIMES,YES,YES,NO,SOMETIMES,SOMETIMES,WITHIN_YEAR,13,0,12,21,0,0,0,34,14,30,7,10,LOW
SYN-00462,casual_sharer,FRIENDS,NOT_SURE,YES,NO,YES,SOMETIMES,YES,NOT_SURE,NO,FRIENDS,SOMETIMES,YES,OFTEN,NO,NO,NO,NOT_SURE,NOT_SURE,NOT_SURE,NO,WITHIN_YEAR,50,41,70,41,68,76,86,79,26,75,39,60,HIGH
SYN-00463,casual_sharer,NOT_SURE,NO,NO,NO,YES,SOMETIMES,NO,YES,NOT_SURE,PUBLIC,ALWAYS,SOMETIMES,OFTEN,NO,SOMETIMES,NOT_SURE,YES,YES,SOMETIMES,NOT_SURE,OVER_A_YEAR,66,26,80,84,67,95,55,41,61,73,42,62,HIGH
SYN-00464,casual_sharer,FRIENDS,NOT_SURE,YES,YES,YES,SOMETIMES,NOT_SURE,NOT_SURE,YES,PRIVATE,NEVER,SOMETIMES,OFTEN,YES,SOMETIMES,NOT_SURE,NOT_SURE,YES,NO,SOMETIMES,OVER_A_YEAR,59,77,46,34,72,39,75,62,97,81,46,65,HIGH
SYN-00465,privacy_conscious,PRIVATE,NO,NO,NO,NO,NO,NOT_SURE,NO,NO,FRIENDS,NEVER,SOMETIMES,NEVER,YES,NOT_SURE,YES,YES,NOT_SURE,SOMETIMES,YES,WITHIN_YEAR,7,19,15,13,9,12,14,34,27,7,9,15,LOW
SYN-00466,privacy_conscious,PRIVATE,NO,NO,NO,NO,NO,NOT_SURE,NO,NO,FRIENDS,SOMETIMES,NO,NEVER,YES,SOMETIMES,YES,YES,NO,YES,YES,WITHIN_YEAR,7,6,21,39,0,24,6,41,21,7,12,15,LOW
SYN-00467,oversharer,NOT_SURE,YES,YES,YES,YES,YES,YES,YES,YES,PUBLIC,OFTEN,NOT_SURE,ALWAYS,NO,NO,NO,NOT_SURE,NOT_SURE,SOMETIMES,SOMETIMES,WITHIN_3_MONTHS,80,100,85,78,78,92,80,79,59,48,48,80,CRITICAL
SYN-00468,average_user,PRIVATE,NO,NOT_SURE,NOT_SURE,NO,NO,NOT_SURE,YES,NOT_SURE,FRIENDS,SOMETIMES,NO,NEVER,YES,SOMETIMES,NOT_SURE,YES,NO,NOT_SURE,YES,WITHIN_YEAR,0,59,12,47,0,12,23,52,62,12,22,29,MODERATE
SYN-00469,oversharer,NOT_SURE,NOT_SURE,YES,YES,NOT_SURE,YES,NOT_SURE,YES,YES,FRIENDS,OFTEN,YES,ALWAYS,NO,NO,NO,NOT_SURE,NOT_SURE,NO,SOMETIMES,NEVER,63,88,87,65,78,100,72,78,100,76,51,80,CRITICAL
SYN-00470,casual_sharer,FRIENDS,NO,NOT_SURE,NO,YES,SOMETIMES,NO,NOT_SURE,NOT_SURE,PUBLIC,SOMETIMES,NOT_SURE,SOMETIMES,NO,SOMETIMES,YES,YES,NO,NO,YES,OVER_A_YEAR,69,31,69,74,66,92,14,72,96,53,42,58,HIGH
SYN-00471,casual_sharer,PUBLIC,YES,NO,YES,NOT_SURE,SOMETIMES,NOT_SURE,NOT_SURE,YES,NOT_SURE,SOMETIMES,NO,NEVER,NO,SOMETIMES,NOT_SURE,NO,YES,SOMETIMES,NOT_SURE,WITHIN_YEAR,84,59,52,55,27,76,93,67,77,50,43,65,HIGH
SYN-00472,oversharer,PUBLIC,YES,YES,YES,NOT_SURE,YES,YES,YES,YES,PUBLIC,OFTEN,YES,ALWAYS,NO,SOMETIMES,YES,NOT_SURE,NOT_SURE,NO,NO,WITHIN_YEAR,100,100,90,87,82,95,52,62,73,73,50,82,CRITICAL
SYN-00473,average_user,NOT_SURE,NOT_SURE,NO,NOT_SURE,NO,SOMETIMES,YES,YES,NOT_SURE,FRIENDS,OFTEN,SOMETIMES,SOMETIMES,YES,NO,YES,YES,NOT_SURE,NO,SOMETIMES,WITHIN_3_MONTHS,60,46,61,23,37,39,20,54,79,18,29,44,HIGH
SYN-00474,casual_sharer,FRIENDS,NOT_SURE,YES,YES,YES,NO,YES,YES,NOT_SURE,PRIVATE,ALWAYS,SOMETIMES,SOMETIMES,YES,SOMETIMES,YES,YES,NO,SOMETIMES,NOT_SURE,WITHIN_3_MONTHS,67,79,54,8,61,29,6,51,82,42,35,49,HIGH
SYN-00475,privacy_conscious,NOT_SURE,NO,NO,NOT_SURE,NO,NO,NOT_SURE,NOT_SURE,NO,PUBLIC,NEVER,NO,OFTEN,YES,SOMETIMES,NO,NO,NOT_SURE,YES,SOMETIMES,WITHIN_YEAR,48,33,0,69,63,28,90,51,25,55,34,46,HIGH
SYN-00476,average_user,PUBLIC,NO,NOT_SURE,NO,NOT_SURE,SOMETIMES,NOT_SURE,NO,NOT_SURE,PRIVATE,OFTEN,NOT_SURE,SOMETIMES,NOT_SURE,YES,NO,NOT_SURE,YES,YES,SOMETIMES,NEVER,100,21,56,26,56,36,88,26,26,70,36,52,HIGH
SYN-00477,privacy_conscious,PRIVATE,NO,NO,NOT_SURE,NO,NO,NO,NO,NO,PRIVATE,NEVER,NO,NEVER,YES,YES,YES,YES,NOT_SURE,NO,YES,WITHIN_3_MONTHS,0,10,6,16,0,8,23,15,42,31,12,14,LOW
SYN-00478,privacy_conscious,FRIENDS,NOT_SURE,NOT_SURE,NO,NOT_SURE,NO,NO,NOT_SURE,NOT_SURE,PRIVATE,NEVER,SOMETIMES,SOMETIMES,YES,SOMETIMES,YES,YES,NO,YES,YES,WITHIN_YEAR,13,31,24,24,15,0,0,36,0,7,11,16,LOW
SYN-00479,average_user,FRIENDS,NO,NO,NOT_SURE,NO,NO,NOT_SURE,NOT_SURE,NO,FRIENDS,SOMETIMES,NO,SOMETIMES,YES,YES,NO,YES,NO,SOMETIMES,YES,WITHIN_YEAR,31,33,19,49,50,12,38,28,51,30,24,35,MODERATE
SYN-00480,oversharer,PUBLIC,YES,YES,YES,YES,YES,NOT_SURE,YES,YES,PUBLIC,ALWAYS,YES,OFTEN,NO,SOMETIMES,NO,NO,NOT_SURE,NO,NO,OVER_A_YEAR,93,96,91,100,78,95,75,62,93,86,51,88,CRITICAL
SYN-00481,average_user,FRIENDS,NOT_SURE,YES,NO,NO,YES,YES,YES,NOT_SURE,PUBLIC,ALWAYS,SOMETIMES,OFTEN,YES,YES,NO,NOT_SURE,YES,SOMETIMES,NOT_SURE,WITHIN_YEAR,30,50,65,69,72,0,74,43,67,46,35,57,HIGH
SYN-00482,privacy_conscious,FRIENDS,NO,NO,NO,NO,NO,NO,NO,NOT_SURE,PRIVATE,NEVER,NO,OFTEN,YES,SOMETIMES,YES,YES,NO,YES,SOMETIMES,WITHIN_YEAR,33,6,13,17,28,0,0,42,18,35,13,16,LOW
SYN-00483,oversharer,PUBLIC,NOT_SURE,NOT_SURE,YES,YES,SOMETIMES,YES,YES,YES,NOT_SURE,OFTEN,NO,OFTEN,YES,NO,NO,NO,NOT_SURE,NO,SOMETIMES,OVER_A_YEAR,93,78,50,63,69,60,83,100,70,81,48,73,CRITICAL
SYN-00484,oversharer,NOT_SURE,YES,YES,YES,YES,NOT_SURE,YES,NOT_SURE,YES,PUBLIC,OFTEN,SOMETIMES,OFTEN,NO,NO,NO,NO,YES,SOMETIMES,NO,WITHIN_YEAR,77,97,67,78,85,100,89,95,92,72,51,84,CRITICAL
SYN-00485,average_user,NOT_SURE,NO,NO,NOT_SURE,YES,NO,YES,NO,NO,FRIENDS,NEVER,NO,NEVER,YES,SOMETIMES,NOT_SURE,NOT_SURE,NOT_SURE,YES,SOMETIMES,OVER_A_YEAR,37,21,21,39,35,16,57,42,15,57,26,33,MODERATE
SYN-00486,casual_sharer,NOT_SURE,NOT_SURE,NOT_SURE,NO,NOT_SURE,SOMETIMES,NO,NO,NO,FRIENDS,SOMETIMES,NOT_SURE,OFTEN,NOT_SURE,SOMETIMES,NOT_SURE,YES,NOT_SURE,SOMETIMES,YES,WITHIN_YEAR,56,41,52,41,67,64,37,51,54,7,30,47,HIGH
SYN-00487,oversharer,PUBLIC,YES,YES,YES,YES,YES,YES,YES,YES,FRIENDS,ALWAYS,YES,ALWAYS,NO,NO,NO,NO,YES,NOT_SURE,SOMETIMES,OVER_A_YEAR,96,100,96,73,100,100,96,86,76,77,52,91,CRITICAL
SYN-00488,average_user,NOT_SURE,NO,NO,NO,NO,SOMETIMES,NO,NO,NO,NOT_SURE,SOMETIMES,SOMETIMES,SOMETIMES,YES,NO,NOT_SURE,YES,NO,SOMETIMES,YES,WITHIN_YEAR,63,0,45,48,46,0,23,69,35,39,24,35,MODERATE
SYN-00489,average_user,PRIVATE,NO,NOT_SURE,NO,NO,SOMETIMES,NO,NOT_SURE,NO,NOT_SURE,SOMETIMES,SOMETIMES,NEVER,YES,SOMETIMES,YES,NOT_SURE,NO,YES,YES,WITHIN_3_MONTHS,10,12,45,61,35,12,32,67,12,6,24,29,MODERATE
SYN-00490,casual_sharer,NOT_SURE,YES,YES,NO,YES,SOMETIMES,YES,YES,NOT_SURE,FRIENDS,OFTEN,SOMETIMES,SOMETIMES,NO,NOT_SURE,NO,NO,NOT_SURE,NO,NO,OVER_A_YEAR,87,70,72,73,50,65,83,75,93,75,49,75,CRITICAL
SYN-00491,privacy_conscious,FRIENDS,NO,NOT_SURE,NO,NO,NO,NO,NO,NOT_SURE,PRIVATE,NEVER,NO,OFTEN,YES,SOMETIMES,YES,YES,NO,YES,YES,WITHIN_3_MONTHS,30,14,6,28,41,8,14,43,26,6,15,20,LOW
SYN-00492,oversharer,NOT_SURE,YES,YES,YES,YES,NO,YES,YES,YES,PUBLIC,SOMETIMES,YES,OFTEN,NO,SOMETIMES,NO,NO,NOT_SURE,SOMETIMES,NO,OVER_A_YEAR,82,92,58,89,85,100,81,67,83,69,50,80,CRITICAL
SYN-00493,average_user,NOT_SURE,NO,NO,NO,NO,SOMETIMES,NO,NO,NO,PRIVATE,SOMETIMES,NO,SOMETIMES,YES,SOMETIMES,YES,YES,NO,YES,NOT_SURE,WITHIN_3_MONTHS,30,0,30,8,38,0,6,42,0,48,14,18,LOW
SYN-00494,oversharer,PRIVATE,YES,YES,NOT_SURE,NOT_SURE,SOMETIMES,NOT_SURE,YES,YES,PUBLIC,OFTEN,NOT_SURE,OFTEN,NO,NO,NO,NOT_SURE,NOT_SURE,SOMETIMES,SOMETIMES,NEVER,49,89,72,66,76,89,76,89,80,75,49,75,CRITICAL
SYN-00495,oversharer,PUBLIC,YES,YES,YES,YES,SOMETIMES,YES,YES,YES,FRIENDS,SOMETIMES,SOMETIMES,SOMETIMES,NOT_SURE,NO,NOT_SURE,NO,YES,NO,SOMETIMES,NEVER,100,100,60,73,56,88,83,100,78,88,49,81,CRITICAL
SYN-00496,privacy_conscious,PRIVATE,NOT_SURE,NO,NO,NO,SOMETIMES,NO,NO,NO,FRIENDS,SOMETIMES,NO,NEVER,YES,YES,YES,YES,NO,SOMETIMES,YES,WITHIN_YEAR,0,12,24,47,0,8,6,8,8,7,10,13,LOW
SYN-00497,average_user,FRIENDS,NO,NO,NO,NOT_SURE,NO,NO,NO,NO,FRIENDS,OFTEN,SOMETIMES,ALWAYS,YES,YES,YES,YES,NOT_SURE,SOMETIMES,YES,WITHIN_YEAR,37,0,40,49,88,0,20,32,43,23,21,33,MODERATE
SYN-00498,casual_sharer,PUBLIC,YES,NOT_SURE,NOT_SURE,NO,SOMETIMES,NOT_SURE,YES,NOT_SURE,NOT_SURE,NEVER,NOT_SURE,SOMETIMES,YES,SOMETIMES,NOT_SURE,NO,YES,SOMETIMES,SOMETIMES,WITHIN_YEAR,96,71,36,76,50,41,81,38,69,35,41,63,HIGH
SYN-00499,average_user,FRIENDS,NOT_SURE,YES,YES,NOT_SURE,NOT_SURE,YES,YES,NO,PRIVATE,SOMETIMES,NOT_SURE,NEVER,NOT_SURE,NOT_SURE,NOT_SURE,YES,YES,NOT_SURE,NO,WITHIN_YEAR,20,81,58,8,53,69,65,79,70,60,34,56,HIGH
SYN-00500,casual_sharer,PUBLIC,YES,YES,NOT_SURE,NOT_SURE,YES,YES,NOT_SURE,YES,PUBLIC,SOMETIMES,SOMETIMES,SOMETIMES,NO,SOMETIMES,NOT_SURE,NOT_SURE,NO,NOT_SURE,SOMETIMES,OVER_A_YEAR,78,90,67,92,37,100,54,77,69,57,45,71,CRITICAL
SYN-00501,average_user,NOT_SURE,YES,NOT_SURE,NOT_SURE,NOT_SURE,SOMETIMES,NO,NOT_SURE,NOT_SURE,NOT_SURE,NEVER,SOMETIMES,OFTEN,NO,YES,NOT_SURE,NOT_SURE,YES,SOMETIMES,SOMETIMES,WITHIN_YEAR,71,62,48,45,67,76,82,32,68,35,44,61,HIGH
SYN-00502,casual_sharer,FRIENDS,NOT_SURE,YES,YES,YES,YES,NOT_SURE,YES,YES,NOT_SURE,OFTEN,NOT_SURE,SOMETIMES,YES,SOMETIMES,NO,NO,NOT_SURE,NO,SOMETIMES,WITHIN_YEAR,48,88,79,61,41,29,84,51,84,48,41,67,HIGH
SYN-00503,oversharer,PRIVATE,NOT_SURE,NOT_SURE,NO,YES,YES,YES,NOT_SURE,NOT_SURE,FRIENDS,ALWAYS,YES,ALWAYS,NO,SOMETIMES,NO,NO,YES,SOMETIMES,NO,NEVER,37,62,84,48,94,89,94,62,58,76,46,71,CRITICAL
SYN-00504,average_user,PRIVATE,NOT_SURE,NO,YES,NO,NO,YES,YES,NO,NOT_SURE,OFTEN,NO,NEVER,NOT_SURE,YES,YES,YES,NO,SOMETIMES,YES,OVER_A_YEAR,17,59,30,48,40,28,6,9,46,43,26,33,MODERATE
SYN-00505,average_user,PUBLIC,YES,NOT_SURE,NOT_SURE,YES,SOMETIMES,YES,NOT_SURE,YES,FRIENDS,OFTEN,YES,NEVER,NOT_SURE,SOMETIMES,YES,YES,NOT_SURE,NOT_SURE,SOMETIMES,WITHIN_YEAR,89,85,85,31,22,48,26,67,68,25,34,57,HIGH
SYN-00506,casual_sharer,FRIENDS,YES,YES,YES,NOT_SURE,SOMETIMES,YES,YES,YES,NOT_SURE,SOMETIMES,SOMETIMES,ALWAYS,NOT_SURE,NOT_SURE,NOT_SURE,NO,NOT_SURE,SOMETIMES,NO,WITHIN_YEAR,43,100,56,63,72,72,70,84,40,72,43,67,HIGH
SYN-00507,average_user,FRIENDS,NO,NO,NO,NO,YES,NOT_SURE,NOT_SURE,NOT_SURE,FRIENDS,SOMETIMES,SOMETIMES,SOMETIMES,YES,SOMETIMES,NOT_SURE,YES,NO,NOT_SURE,YES,WITHIN_YEAR,13,17,43,23,64,12,42,38,20,18,19,31,MODERATE
SYN-00508,casual_sharer,PUBLIC,NOT_SURE,YES,NOT_SURE,YES,SOMETIMES,NOT_SURE,YES,YES,FRIENDS,OFTEN,SOMETIMES,ALWAYS,NOT_SURE,NO,NO,NO,NOT_SURE,SOMETIMES,SOMETIMES,WITHIN_YEAR,71,72,61,55,50,61,90,64,85,37,43,68,HIGH
SYN-00509,oversharer,PUBLIC,YES,YES,YES,NOT_SURE,YES,YES,YES,YES,NOT_SURE,OFTEN,SOMETIMES,OFTEN,NOT_SURE,SOMETIMES,NOT_SURE,NOT_SURE,NOT_SURE,NO,SOMETIMES,WITHIN_YEAR,79,100,71,66,72,80,75,61,60,64,49,75,CRITICAL
SYN-00510,average_user,PRIVATE,NO,NO,NO,NOT_SURE,YES,NO,NO,NOT_SURE,PRIVATE,SOMETIMES,SOMETIMES,SOMETIMES,NO,SOMETIMES,NOT_SURE,NOT_SURE,NOT_SURE,YES,SOMETIMES,WITHIN_3_MONTHS,7,6,65,9,15,68,72,33,42,29,24,35,MODERATE
SYN-00511,casual_sharer,PUBLIC,YES,YES,YES,YES,YES,YES,YES,NOT_SURE,PUBLIC,OFTEN,SOMETIMES,SOMETIMES,NO,SOMETIMES,NO,NO,NOT_SURE,SOMETIMES,NO,NEVER,100,96,71,85,64,76,81,53,82,87,48,81,CRITICAL
SYN-00512,casual_sharer,FRIENDS,YES,NOT_SURE,YES,YES,YES,NOT_SURE,NOT_SURE,NOT_SURE,NOT_SURE,SOMETIMES,NOT_SURE,ALWAYS,NO,SOMETIMES,NOT_SURE,NOT_SURE,NO,NO,NO,OVER_A_YEAR,59,83,73,57,82,76,51,67,91,93,49,72,CRITICAL
SYN-00513,average_user,PUBLIC,NOT_SURE,NO,NO,NOT_SURE,SOMETIMES,NO,NO,NO,NOT_SURE,SOMETIMES,YES,OFTEN,NOT_SURE,SOMETIMES,NO,NO,NOT_SURE,SOMETIMES,SOMETIMES,WITHIN_YEAR,91,12,74,29,41,52,84,36,55,55,34,54,HIGH
SYN-00514,casual_sharer,NOT_SURE,NOT_SURE,NO,NOT_SURE,NO,SOMETIMES,NO,NOT_SURE,NOT_SURE,FRIENDS,SOMETIMES,NOT_SURE,ALWAYS,NO,SOMETIMES,NO,NO,YES,NO,SOMETIMES,OVER_A_YEAR,68,46,41,65,78,81,87,52,73,70,44,65,HIGH
SYN-00515,casual_sharer,FRIENDS,NO,NOT_SURE,NOT_SURE,NOT_SURE,YES,YES,YES,YES,NOT_SURE,SOMETIMES,YES,NEVER,NO,NO,YES,YES,NO,NOT_SURE,NO,OVER_A_YEAR,31,59,78,55,26,76,6,76,69,93,38,52,HIGH
SYN-00516,privacy_conscious,PRIVATE,NO,NO,NO,NO,NO,NOT_SURE,NOT_SURE,NO,FRIENDS,OFTEN,SOMETIMES,SOMETIMES,YES,YES,YES,YES,NO,YES,YES,WITHIN_YEAR,0,23,34,41,15,0,0,8,18,14,11,17,LOW
SYN-00517,privacy_conscious,PRIVATE,NO,NO,NO,NO,SOMETIMES,NO,NO,NO,NOT_SURE,NEVER,SOMETIMES,NEVER,YES,SOMETIMES,YES,YES,NO,YES,NO,WITHIN_YEAR,24,12,34,53,13,8,6,28,13,52,20,22,MODERATE
SYN-00518,average_user,NOT_SURE,NOT_SURE,NO,NO,NO,SOMETIMES,NO,NOT_SURE,NO,NOT_SURE,SOMETIMES,NO,SOMETIMES,YES,NO,NO,NOT_SURE,NO,SOMETIMES,NO,OVER_A_YEAR,57,17,23,57,70,8,59,81,54,83,32,47,HIGH
SYN-00519,casual_sharer,PUBLIC,YES,NO,NO,NOT_SURE,SOMETIMES,NOT_SURE,NO,NOT_SURE,PUBLIC,SOMETIMES,YES,OFTEN,YES,YES,NOT_SURE,NO,NO,NOT_SURE,SOMETIMES,NEVER,100,33,63,74,59,52,65,53,49,67,41,61,HIGH
SYN-00520,average_user,FRIENDS,NO,NOT_SURE,NOT_SURE,NO,NO,NO,NO,NO,PRIVATE,NEVER,NO,SOMETIMES,YES,SOMETIMES,YES,YES,NO,YES,SOMETIMES,WITHIN_3_MONTHS,61,19,13,16,38,28,0,67,26,29,19,25,MODERATE
SYN-00521,average_user,NOT_SURE,YES,NO,YES,NOT_SURE,SOMETIMES,NOT_SURE,NOT_SURE,YES,FRIENDS,SOMETIMES,SOMETIMES,SOMETIMES,NOT_SURE,NO,YES,YES,NO,SOMETIMES,YES,WITHIN_3_MONTHS,68,79,54,73,37,28,0,69,38,17,30,47,HIGH
SYN-00522,average_user,NOT_SURE,YES,NOT_SURE,NO,YES,SOMETIMES,NO,YES,NO,PRIVATE,SOMETIMES,NOT_SURE,NEVER,YES,NO,NOT_SURE,NO,NOT_SURE,NOT_SURE,NOT_SURE,WITHIN_YEAR,27,36,54,34,22,0,64,66,62,55,30,44,HIGH
SYN-00523,average_user,NOT_SURE,YES,NO,YES,NOT_SURE,SOMETIMES,NO,NO,NO,FRIENDS,SOMETIMES,SOMETIMES,SOMETIMES,YES,SOMETIMES,NOT_SURE,NOT_SURE,NOT_SURE,SOMETIMES,SOMETIMES,WITHIN_YEAR,50,50,61,39,65,0,59,70,34,55,32,51,HIGH
SYN-00524,average_user,FRIENDS,YES,YES,YES,NO,SOMETIMES,YES,YES,NOT_SURE,PUBLIC,SOMETIMES,SOMETIMES,OFTEN,NO,NOT_SURE,NO,NO,YES,YES,SOMETIMES,WITHIN_YEAR,40,96,37,69,55,89,90,65,31,36,38,62,HIGH
SYN-00525,average_user,PRIVATE,NO,NO,NO,NO,NO,NO,NO,NO,FRIENDS,SOMETIMES,NO,NEVER,NOT_SURE,SOMETIMES,YES,NOT_SURE,NO,SOMETIMES,SOMETIMES,WITHIN_3_MONTHS,7,0,13,49,31,28,29,77,51,22,21,26,MODERATE
SYN-00526,privacy_conscious,PRIVATE,NOT_SURE,YES,NOT_SURE,NO,NO,NOT_SURE,YES,NO,NOT_SURE,SOMETIMES,NO,OFTEN,YES,YES,NO,NOT_SURE,NOT_SURE,YES,YES,OVER_A_YEAR,23,50,19,47,50,28,66,9,0,17,24,35,MODERATE
SYN-00527,privacy_conscious,FRIENDS,NOT_SURE,NOT_SURE,NOT_SURE,NO,NOT_SURE,NO,NO,NO,FRIENDS,NEVER,NO,SOMETIMES,YES,YES,YES,YES,NO,YES,SOMETIMES,WITHIN_YEAR,27,31,27,31,37,0,0,11,8,29,14,21,MODERATE
SYN-00528,average_user,FRIENDS,YES,YES,NOT_SURE,NOT_SURE,NO,NO,NO,NO,FRIENDS,SOMETIMES,SOMETIMES,NEVER,YES,SOMETIMES,YES,NO,NOT_SURE,SOMETIMES,SOMETIMES,WITHIN_YEAR,20,57,37,41,12,12,42,42,27,30,22,35,MODERATE
SYN-00529,average_user,PRIVATE,NO,NO,NO,NO,SOMETIMES,NO,NO,NO,FRIENDS,OFTEN,SOMETIMES,NEVER,YES,SOMETIMES,NO,NO,YES,SOMETIMES,SOMETIMES,WITHIN_YEAR,7,0,46,28,12,20,70,45,26,19,16,29,MODERATE
SYN-00530,privacy_conscious,FRIENDS,NO,NOT_SURE,NO,YES,SOMETIMES,NO,NO,NOT_SURE,PUBLIC,SOMETIMES,YES,NEVER,NO,SOMETIMES,YES,YES,NO,SOMETIMES,SOMETIMES,WITHIN_3_MONTHS,20,14,74,50,12,81,20,61,39,18,24,36,MODERATE
SYN-00531,privacy_conscious,FRIENDS,NO,NO,NO,NO,SOMETIMES,NO,NO,NO,NOT_SURE,NEVER,NO,NEVER,YES,YES,YES,YES,NO,SOMETIMES,SOMETIMES,OVER_A_YEAR,63,12,11,27,0,0,17,9,36,45,17,21,MODERATE
SYN-00532,oversharer,FRIENDS,YES,YES,YES,YES,SOMETIMES,YES,NOT_SURE,YES,FRIENDS,OFTEN,NOT_SURE,ALWAYS,NOT_SURE,SOMETIMES,NO,YES,NO,NO,SOMETIMES,OVER_A_YEAR,66,97,70,55,85,69,60,81,77,75,47,74,CRITICAL
SYN-00533,average_user,PUBLIC,YES,NOT_SURE,NOT_SURE,NO,SOMETIMES,YES,NOT_SURE,YES,PRIVATE,SOMETIMES,SOMETIMES,OFTEN,NO,SOMETIMES,NOT_SURE,YES,YES,NO,YES,WITHIN_YEAR,86,64,50,34,51,79,64,42,33,36,37,55,HIGH
SYN-00534,oversharer,PRIVATE,NO,YES,NOT_SURE,YES,SOMETIMES,NOT_SURE,NOT_SURE,YES,PUBLIC,ALWAYS,YES,SOMETIMES,NO,SOMETIMES,NOT_SURE,NOT_SURE,YES,SOMETIMES,SOMETIMES,WITHIN_YEAR,29,66,83,74,50,73,70,67,34,36,38,60,HIGH
SYN-00535,oversharer,FRIENDS,YES,YES,YES,NOT_SURE,YES,YES,YES,YES,PUBLIC,OFTEN,YES,ALWAYS,NO,SOMETIMES,NO,NOT_SURE,YES,SOMETIMES,NO,OVER_A_YEAR,54,100,87,89,81,92,89,62,71,88,49,83,CRITICAL
SYN-00536,casual_sharer,PUBLIC,NOT_SURE,NO,NO,NOT_SURE,YES,NOT_SURE,YES,NOT_SURE,PUBLIC,OFTEN,SOMETIMES,SOMETIMES,NOT_SURE,NO,NO,NOT_SURE,NOT_SURE,SOMETIMES,SOMETIMES,OVER_A_YEAR,70,52,70,82,65,88,64,100,67,61,46,69,HIGH
SYN-00537,casual_sharer,PRIVATE,NOT_SURE,NO,NO,NO,SOMETIMES,YES,NO,NOT_SURE,FRIENDS,NEVER,NOT_SURE,SOMETIMES,NOT_SURE,YES,NOT_SURE,YES,NOT_SURE,SOMETIMES,NOT_SURE,WITHIN_YEAR,13,41,22,57,28,48,55,43,55,50,29,40,MODERATE
SYN-00538,oversharer,PUBLIC,NOT_SURE,NO,NOT_SURE,NO,NO,NO,YES,NOT_SURE,NOT_SURE,SOMETIMES,SOMETIMES,ALWAYS,NO,SOMETIMES,NOT_SURE,NO,YES,NO,NOT_SURE,NEVER,83,57,21,71,91,95,93,51,88,82,44,70,HIGH
SYN-00539,average_user,PUBLIC,NOT_SURE,NO,NO,NO,SOMETIMES,YES,NO,NOT_SURE,PRIVATE,SOMETIMES,SOMETIMES,OFTEN,YES,SOMETIMES,YES,NO,YES,SOMETIMES,YES,WITHIN_YEAR,82,41,45,16,54,55,63,69,39,36,36,49,HIGH
SYN-00540,casual_sharer,FRIENDS,NOT_SURE,NOT_SURE,NOT_SURE,YES,SOMETIMES,NOT_SURE,NOT_SURE,YES,FRIENDS,NEVER,SOMETIMES,OFTEN,NOT_SURE,SOMETIMES,YES,NOT_SURE,NO,SOMETIMES,SOMETIMES,OVER_A_YEAR,23,64,49,63,50,77,17,67,30,63,37,46,HIGH
SYN-00541,casual_sharer,PRIVATE,NO,NO,NO,NO,SOMETIMES,NOT_SURE,YES,NOT_SURE,FRIENDS,SOMETIMES,NO,ALWAYS,NO,SOMETIMES,YES,NO,NOT_SURE,SOMETIMES,SOMETIMES,OVER_A_YEAR,17,32,24,48,91,95,53,43,80,67,38,50,HIGH
SYN-00542,privacy_conscious,PRIVATE,NO,NO,NO,NO,NO,NO,NO,NO,NOT_SURE,NEVER,NO,NEVER,YES,SOMETIMES,YES,YES,NO,SOMETIMES,SOMETIMES,WITHIN_YEAR,10,0,0,35,9,0,0,42,19,19,10,10,LOW
SYN-00543,oversharer,FRIENDS,NOT_SURE,YES,YES,YES,YES,YES,NO,YES,PUBLIC,ALWAYS,YES,ALWAYS,NO,SOMETIMES,NO,NO,YES,SOMETIMES,NO,NEVER,70,77,91,82,94,100,90,70,79,100,48,85,CRITICAL
SYN-00544,oversharer,FRIENDS,YES,YES,YES,YES,YES,YES,YES,NOT_SURE,FRIENDS,OFTEN,YES,ALWAYS,NO,NOT_SURE,NO,NOT_SURE,NOT_SURE,SOMETIMES,NOT_SURE,WITHIN_YEAR,63,96,93,48,78,76,80,79,75,59,46,77,CRITICAL
SYN-00545,oversharer,PUBLIC,NOT_SURE,YES,NOT_SURE,YES,YES,YES,YES,YES,PUBLIC,ALWAYS,SOMETIMES,OFTEN,NO,SOMETIMES,NOT_SURE,NO,YES,NO,NO,OVER_A_YEAR,96,85,87,89,69,100,83,67,86,78,53,84,CRITICAL
SYN-00546,average_user,FRIENDS,NOT_SURE,YES,YES,NOT_SURE,NO,YES,YES,NOT_SURE,FRIENDS,SOMETIMES,SOMETIMES,SOMETIMES,NOT_SURE,SOMETIMES,NOT_SURE,NO,YES,SOMETIMES,YES,WITHIN_YEAR,30,88,35,21,65,83,86,30,59,24,34,56,HIGH
SYN-00547,casual_sharer,FRIENDS,YES,NOT_SURE,NOT_SURE,YES,SOMETIMES,NOT_SURE,NO,NO,PRIVATE,SOMETIMES,NO,ALWAYS,NOT_SURE,NO,YES,YES,NOT_SURE,SOMETIMES,SOMETIMES,WITHIN_YEAR,33,58,43,53,88,77,47,91,44,53,36,55,HIGH
SYN-00548,privacy_conscious,FRIENDS,NO,NO,NO,NOT_SURE,NO,NO,NO,NO,PRIVATE,NEVER,SOMETIMES,SOMETIMES,YES,SOMETIMES,YES,YES,NO,YES,SOMETIMES,WITHIN_YEAR,50,21,24,26,37,0,0,19,21,45,16,23,MODERATE
SYN-00549,average_user,FRIENDS,NO,NO,NO,NOT_SURE,YES,NOT_SURE,NOT_SURE,NO,FRIENDS,OFTEN,SOMETIMES,SOMETIMES,NO,SOMETIMES,YES,NOT_SURE,NO,NO,SOMETIMES,NEVER,37,23,65,56,28,40,29,59,70,64,32,45,HIGH
SYN-00550,average_user,PUBLIC,NOT_SURE,NOT_SURE,NO,YES,SOMETIMES,NOT_SURE,NO,NO,FRIENDS,OFTEN,YES,OFTEN,NOT_SURE,SOMETIMES,NOT_SURE,NO,NOT_SURE,NOT_SURE,SOMETIMES,WITHIN_YEAR,60,39,78,54,28,28,65,61,37,25,31,51,HIGH
SYN-00551,casual_sharer,NOT_SURE,YES,YES,NOT_SURE,YES,SOMETIMES,NOT_SURE,YES,YES,PUBLIC,ALWAYS,YES,ALWAYS,NO,NOT_SURE,NO,NO,NOT_SURE,NO,NO,NEVER,70,89,78,76,94,89,81,70,77,84,49,81,CRITICAL
SYN-00552,oversharer,PUBLIC,YES,YES,YES,NOT_SURE,YES,YES,YES,NOT_SURE,PUBLIC,SOMETIMES,SOMETIMES,ALWAYS,NOT_SURE,NO,NOT_SURE,NO,NOT_SURE,NO,NO,OVER_A_YEAR,100,96,61,79,94,80,74,92,84,86,51,83,CRITICAL
SYN-00553,casual_sharer,PUBLIC,NOT_SURE,YES,NOT_SURE,YES,SOMETIMES,NO,YES,NOT_SURE,PUBLIC,SOMETIMES,NOT_SURE,ALWAYS,NOT_SURE,SOMETIMES,NOT_SURE,NO,YES,NO,NO,WITHIN_YEAR,82,62,65,86,82,77,71,51,75,42,42,71,CRITICAL
SYN-00554,oversharer,PUBLIC,YES,YES,YES,YES,NOT_SURE,NOT_SURE,YES,NOT_SURE,PUBLIC,ALWAYS,YES,SOMETIMES,NOT_SURE,SOMETIMES,NOT_SURE,NO,YES,NO,NOT_SURE,WITHIN_YEAR,100,92,84,86,70,88,93,67,93,69,51,86,CRITICAL
SYN-00555,privacy_conscious,PRIVATE,NOT_SURE,NO,NO,NO,NO,NO,NO,NO,FRIENDS,NEVER,NOT_SURE,NEVER,YES,YES,NOT_SURE,YES,NO,SOMETIMES,YES,WITHIN_3_MONTHS,7,25,19,21,9,24,23,17,45,7,14,21,MODERATE
SYN-00556,privacy_conscious,FRIENDS,NO,NO,NOT_SURE,NO,SOMETIMES,YES,NO,NO,FRIENDS,SOMETIMES,SOMETIMES,OFTEN,YES,SOMETIMES,YES,YES,NO,SOMETIMES,YES,WITHIN_YEAR,27,21,47,48,91,8,6,28,21,13,20,32,MODERATE
SYN-00557,oversharer,FRIENDS,YES,YES,YES,NOT_SURE,SOMETIMES,YES,NOT_SURE,YES,FRIENDS,SOMETIMES,YES,SOMETIMES,NO,YES,NOT_SURE,NO,NOT_SURE,SOMETIMES,NOT_SURE,NEVER,73,97,67,59,68,92,77,48,62,90,46,74,CRITICAL
SYN-00558,privacy_conscious,PRIVATE,NO,NO,NO,NO,NO,NO,NO,NO,FRIENDS,NEVER,NO,NEVER,YES,YES,NOT_SURE,YES,YES,SOMETIMES,NOT_SURE,WITHIN_YEAR,7,0,0,33,9,0,41,17,31,35,11,17,LOW
SYN-00559,oversharer,NOT_SURE,YES,YES,YES,NOT_SURE,SOMETIMES,YES,YES,YES,PUBLIC,OFTEN,NOT_SURE,ALWAYS,NO,SOMETIMES,NO,NOT_SURE,YES,NOT_SURE,NO,NEVER,77,100,66,83,100,89,95,71,92,96,52,87,CRITICAL
SYN-00560,casual_sharer,FRIENDS,NOT_SURE,NOT_SURE,YES,NOT_SURE,SOMETIMES,YES,NOT_SURE,YES,PUBLIC,SOMETIMES,NO,SOMETIMES,YES,NOT_SURE,YES,NO,NO,SOMETIMES,YES,OVER_A_YEAR,52,63,32,77,62,20,34,68,19,44,32,47,HIGH
SYN-00561,casual_sharer,FRIENDS,NO,YES,YES,NO,SOMETIMES,NO,NOT_SURE,NO,FRIENDS,OFTEN,SOMETIMES,OFTEN,NO,NO,NOT_SURE,YES,NO,SOMETIMES,SOMETIMES,WITHIN_YEAR,43,35,50,47,85,100,17,71,31,45,32,47,HIGH
SYN-00562,privacy_conscious,PRIVATE,NO,NO,NO,NO,NO,NO,NO,NO,FRIENDS,NEVER,SOMETIMES,NEVER,YES,SOMETIMES,YES,YES,NOT_SURE,YES,YES,WITHIN_3_MONTHS,7,0,9,36,22,0,14,51,6,22,12,14,LOW
SYN-00563,oversharer,FRIENDS,YES,YES,YES,YES,YES,YES,YES,NOT_SURE,FRIENDS,ALWAYS,SOMETIMES,SOMETIMES,NOT_SURE,NO,NO,NOT_SURE,NOT_SURE,NO,NOT_SURE,NEVER,80,88,87,57,78,88,74,92,96,82,49,82,CRITICAL
SYN-00564,oversharer,PUBLIC,NOT_SURE,YES,YES,YES,SOMETIMES,YES,YES,YES,NOT_SURE,OFTEN,NO,SOMETIMES,NO,SOMETIMES,NO,NO,YES,SOMETIMES,SOMETIMES,WITHIN_YEAR,96,92,56,48,78,89,100,67,63,24,46,75,CRITICAL
SYN-00565,average_user,PRIVATE,NO,YES,NO,NOT_SURE,NO,NO,NOT_SURE,NO,PRIVATE,SOMETIMES,NOT_SURE,SOMETIMES,NO,YES,NOT_SURE,YES,YES,SOMETIMES,YES,WITHIN_3_MONTHS,30,30,44,8,59,40,71,26,46,17,25,40,MODERATE
SYN-00566,casual_sharer,FRIENDS,YES,YES,YES,NOT_SURE,YES,YES,YES,YES,PUBLIC,OFTEN,YES,SOMETIMES,NOT_SURE,SOMETIMES,NO,NO,YES,NOT_SURE,NOT_SURE,WITHIN_YEAR,76,100,90,85,41,88,90,77,91,50,48,82,CRITICAL
SYN-00567,average_user,FRIENDS,YES,YES,NOT_SURE,YES,SOMETIMES,YES,NOT_SURE,YES,PRIVATE,SOMETIMES,NOT_SURE,SOMETIMES,NO,NO,NO,NO,YES,NOT_SURE,SOMETIMES,WITHIN_3_MONTHS,20,82,56,36,24,65,90,38,37,36,31,53,HIGH
SYN-00568,average_user,FRIENDS,NOT_SURE,YES,YES,NOT_SURE,SOMETIMES,NO,NOT_SURE,YES,FRIENDS,OFTEN,NO,SOMETIMES,NOT_SURE,SOMETIMES,YES,YES,NO,YES,SOMETIMES,WITHIN_YEAR,57,58,46,35,41,75,14,52,19,30,28,41,HIGH
SYN-00569,average_user,FRIENDS,NOT_SURE,NOT_SURE,NOT_SURE,NO,NO,NO,NO,YES,PUBLIC,SOMETIMES,NO,OFTEN,NOT_SURE,SOMETIMES,YES,YES,NO,SOMETIMES,YES,WITHIN_YEAR,33,62,6,66,41,56,6,19,81,18,25,38,MODERATE
SYN-00570,oversharer,PUBLIC,YES,YES,NOT_SURE,NOT_SURE,NOT_SURE,NOT_SURE,NOT_SURE,YES,PUBLIC,SOMETIMES,NOT_SURE,SOMETIMES,NO,SOMETIMES,NOT_SURE,NO,YES,SOMETIMES,NO,NEVER,100,86,50,100,72,100,86,81,58,87,48,80,CRITICAL
SYN-00571,casual_sharer,FRIENDS,NO,NO,NO,NO,SOMETIMES,NO,NO,NO,FRIENDS,SOMETIMES,NOT_SURE,OFTEN,NO,NO,NO,NO,YES,YES,SOMETIMES,NEVER,61,0,54,41,50,81,94,95,50,73,36,55,HIGH
SYN-00572,oversharer,NOT_SURE,YES,YES,YES,YES,SOMETIMES,NO,NOT_SURE,YES,FRIENDS,OFTEN,SOMETIMES,SOMETIMES,NOT_SURE,SOMETIMES,NO,YES,NOT_SURE,NO,SOMETIMES,OVER_A_YEAR,77,87,69,57,68,80,64,41,97,58,44,72,CRITICAL
SYN-00573,privacy_conscious,PRIVATE,NO,NO,NOT_SURE,NO,SOMETIMES,NO,NO,NO,FRIENDS,NEVER,NO,NEVER,YES,YES,YES,YES,NO,YES,SOMETIMES,WITHIN_3_MONTHS,0,10,11,44,0,0,0,8,14,17,8,10,LOW
SYN-00574,average_user,FRIENDS,NOT_SURE,NO,YES,NO,NO,NO,NO,YES,FRIENDS,SOMETIMES,SOMETIMES,NEVER,NO,YES,NO,YES,YES,SOMETIMES,YES,WITHIN_YEAR,64,52,29,65,9,48,66,9,52,43,29,46,HIGH
SYN-00575,average_user,FRIENDS,YES,NOT_SURE,NO,YES,SOMETIMES,NOT_SURE,YES,YES,FRIENDS,OFTEN,SOMETIMES,SOMETIMES,NOT_SURE,SOMETIMES,YES,YES,NOT_SURE,YES,SOMETIMES,OVER_A_YEAR,76,65,61,39,24,28,41,69,19,69,35,49,HIGH
SYN-00576,oversharer,PUBLIC,YES,YES,NOT_SURE,YES,YES,NOT_SURE,NOT_SURE,YES,PUBLIC,ALWAYS,YES,SOMETIMES,NO,SOMETIMES,NOT_SURE,NO,YES,NO,SOMETIMES,OVER_A_YEAR,96,78,91,79,42,95,87,70,91,69,48,81,CRITICAL
SYN-00577,privacy_conscious,PRIVATE,NO,NO,NO,NO,NO,NO,NO,NO,FRIENDS,SOMETIMES,NO,NEVER,NO,YES,NOT_SURE,YES,NOT_SURE,YES,YES,OVER_A_YEAR,7,0,13,48,13,52,46,9,38,40,19,24,MODERATE
SYN-00578,privacy_conscious,PRIVATE,NO,NOT_SURE,NO,NO,NOT_SURE,NO,NO,NO,PRIVATE,SOMETIMES,NO,NEVER,YES,YES,YES,YES,NO,YES,YES,WITHIN_YEAR,7,8,25,8,0,0,8,0,8,7,5,9,LOW
SYN-00579,casual_sharer,PRIVATE,NOT_SURE,NOT_SURE,YES,NOT_SURE,SOMETIMES,YES,NO,YES,FRIENDS,SOMETIMES,SOMETIMES,ALWAYS,NOT_SURE,SOMETIMES,NO,NO,YES,SOMETIMES,SOMETIMES,OVER_A_YEAR,7,79,55,52,92,88,94,67,65,78,43,67,HIGH
SYN-00580,casual_sharer,FRIENDS,YES,YES,NOT_SURE,YES,YES,YES,YES,YES,FRIENDS,OFTEN,SOMETIMES,ALWAYS,NO,SOMETIMES,NOT_SURE,NOT_SURE,YES,NOT_SURE,NOT_SURE,OVER_A_YEAR,43,93,81,55,59,95,81,61,63,73,44,72,CRITICAL
SYN-00581,average_user,NOT_SURE,NOT_SURE,YES,NO,NO,SOMETIMES,NO,NOT_SURE,NO,NOT_SURE,SOMETIMES,YES,ALWAYS,YES,SOMETIMES,YES,NOT_SURE,NOT_SURE,NOT_SURE,NOT_SURE,WITHIN_YEAR,20,30,65,55,59,0,46,36,83,51,31,47,HIGH
SYN-00582,oversharer,PRIVATE,YES,YES,YES,YES,NO,YES,YES,YES,PUBLIC,OFTEN,NOT_SURE,ALWAYS,NO,NO,NO,NOT_SURE,YES,NO,NO,OVER_A_YEAR,47,100,58,95,92,100,95,92,92,83,50,84,CRITICAL
SYN-00583,privacy_conscious,FRIENDS,NO,NO,NO,NO,NO,NO,NO,NO,FRIENDS,NEVER,NO,NEVER,YES,YES,YES,YES,NO,YES,YES,WITHIN_3_MONTHS,20,0,0,34,0,0,6,15,5,0,5,8,LOW
SYN-00584,casual_sharer,FRIENDS,NO,NO,NOT_SURE,NO,NOT_SURE,NO,NO,NOT_SURE,PUBLIC,SOMETIMES,SOMETIMES,SOMETIMES,YES,SOMETIMES,NO,NOT_SURE,NOT_SURE,SOMETIMES,SOMETIMES,OVER_A_YEAR,62,37,29,76,50,47,74,81,58,62,39,55,HIGH
SYN-00585,oversharer,PUBLIC,YES,YES,NOT_SURE,NOT_SURE,SOMETIMES,YES,YES,YES,PUBLIC,OFTEN,SOMETIMES,OFTEN,NOT_SURE,SOMETIMES,NO,NO,NOT_SURE,NO,SOMETIMES,NEVER,81,93,49,85,77,88,90,77,86,88,51,80,CRITICAL
SYN-00586,privacy_conscious,PRIVATE,NOT_SURE,NO,NOT_SURE,NO,NO,NO,NOT_SURE,NO,FRIENDS,NEVER,NO,NEVER,YES,SOMETIMES,NOT_SURE,YES,NO,YES,SOMETIMES,WITHIN_YEAR,51,39,6,63,46,0,35,51,68,19,26,38,MODERATE
SYN-00587,casual_sharer,FRIENDS,YES,YES,YES,YES,SOMETIMES,YES,YES,YES,PUBLIC,SOMETIMES,YES,SOMETIMES,NO,SOMETIMES,NO,NOT_SURE,YES,SOMETIMES,NOT_SURE,NEVER,67,92,64,75,78,73,89,60,81,93,46,78,CRITICAL
SYN-00588,oversharer,NOT_SURE,NOT_SURE,YES,NOT_SURE,YES,YES,NO,YES,YES,PUBLIC,OFTEN,YES,ALWAYS,NOT_SURE,NO,NO,NOT_SURE,YES,NOT_SURE,NOT_SURE,OVER_A_YEAR,87,74,87,92,83,88,92,95,50,86,50,83,CRITICAL
SYN-00589,casual_sharer,NOT_SURE,NOT_SURE,NOT_SURE,NOT_SURE,YES,NOT_SURE,NOT_SURE,YES,YES,NOT_SURE,OFTEN,SOMETIMES,SOMETIMES,YES,NOT_SURE,NOT_SURE,NOT_SURE,NOT_SURE,SOMETIMES,SOMETIMES,WITHIN_YEAR,56,67,63,66,37,27,51,68,35,46,36,54,HIGH
SYN-00590,privacy_conscious,PRIVATE,NO,NO,NO,NOT_SURE,NO,NO,NO,NO,PRIVATE,NEVER,NO,SOMETIMES,YES,YES,YES,YES,NO,YES,NO,OVER_A_YEAR,13,0,16,18,15,20,0,19,5,58,10,12,LOW
SYN-00591,average_user,PRIVATE,NOT_SURE,NO,YES,NO,SOMETIMES,YES,YES,NOT_SURE,FRIENDS,OFTEN,NO,NEVER,YES,SOMETIMES,YES,YES,NO,NOT_SURE,SOMETIMES,WITHIN_YEAR,0,66,30,44,9,12,8,28,51,43,23,30,MODERATE
SYN-00592,casual_sharer,FRIENDS,YES,YES,NOT_SURE,YES,SOMETIMES,NO,YES,YES,PUBLIC,OFTEN,YES,SOMETIMES,NO,NO,NO,NO,NOT_SURE,SOMETIMES,NOT_SURE,OVER_A_YEAR,37,83,61,74,53,92,83,95,75,75,42,71,CRITICAL
SYN-00593,privacy_conscious,FRIENDS,NO,NOT_SURE,NO,NO,NO,NO,NO,NO,PRIVATE,NEVER,NO,OFTEN,NO,SOMETIMES,NO,NOT_SURE,NO,YES,SOMETIMES,OVER_A_YEAR,33,21,7,27,72,64,62,52,8,34,24,35,MODERATE
SYN-00594,casual_sharer,FRIENDS,YES,YES,YES,NO,SOMETIMES,YES,NO,YES,NOT_SURE,OFTEN,SOMETIMES,NEVER,YES,YES,YES,YES,NOT_SURE,NO,NOT_SURE,OVER_A_YEAR,56,85,39,37,0,0,23,0,93,44,27,43,HIGH
SYN-00595,average_user,NOT_SURE,NO,NOT_SURE,NO,NOT_SURE,SOMETIMES,NO,NO,NOT_SURE,FRIENDS,NEVER,NOT_SURE,SOMETIMES,YES,SOMETIMES,NOT_SURE,YES,NO,YES,YES,WITHIN_YEAR,43,14,39,47,70,20,23,51,35,19,25,35,MODERATE
SYN-00596,average_user,FRIENDS,NOT_SURE,NO,NOT_SURE,NOT_SURE,YES,NOT_SURE,NO,NOT_SURE,FRIENDS,OFTEN,SOMETIMES,OFTEN,NO,SOMETIMES,NO,YES,YES,YES,NOT_SURE,OVER_A_YEAR,60,48,65,55,51,76,74,56,15,78,40,57,HIGH
SYN-00597,average_user,FRIENDS,NO,NO,NO,NO,NO,NO,NO,NO,PRIVATE,OFTEN,SOMETIMES,SOMETIMES,YES,SOMETIMES,YES,YES,NOT_SURE,SOMETIMES,NOT_SURE,WITHIN_YEAR,37,21,29,22,46,0,31,62,46,46,23,33,MODERATE
SYN-00598,average_user,FRIENDS,NOT_SURE,NO,YES,NOT_SURE,NO,NO,YES,YES,PRIVATE,NEVER,NO,SOMETIMES,NO,NOT_SURE,YES,YES,NO,NO,YES,WITHIN_YEAR,50,47,16,11,54,64,8,77,75,13,26,37,MODERATE
SYN-00599,privacy_conscious,FRIENDS,NO,NOT_SURE,NO,NOT_SURE,SOMETIMES,NO,NO,NOT_SURE,FRIENDS,OFTEN,SOMETIMES,NEVER,NOT_SURE,YES,YES,NOT_SURE,NO,YES,YES,WITHIN_YEAR,20,35,48,13,9,64,11,9,42,7,17,26,MODERATE
SYN-00600,average_user,FRIENDS,NOT_SURE,NO,NOT_SURE,NO,SOMETIMES,NO,NOT_SURE,YES,PRIVATE,OFTEN,NOT_SURE,SOMETIMES,NOT_SURE,YES,YES,NOT_SURE,NO,SOMETIMES,SOMETIMES,WITHIN_YEAR,47,37,47,0,24,80,11,17,53,41,24,34,MODERATE
SYN-00601,average_user,PRIVATE,YES,NO,YES,NO,NO,NOT_SURE,YES,YES,PUBLIC,NEVER,SOMETIMES,NEVER,NO,SOMETIMES,YES,YES,NO,NOT_SURE,YES,OVER_A_YEAR,7,61,17,73,13,84,6,57,40,46,28,35,MODERATE
SYN-00602,average_user,PRIVATE,YES,YES,YES,NOT_SURE,NO,NO,NO,NOT_SURE,PRIVATE,NEVER,NO,SOMETIMES,YES,YES,NO,NO,NOT_SURE,YES,SOMETIMES,WITHIN_YEAR,13,79,9,18,56,0,81,14,25,50,24,40,MODERATE
SYN-00603,privacy_conscious,PRIVATE,NO,NO,NO,NO,NO,NO,NO,NO,FRIENDS,NEVER,NO,SOMETIMES,YES,SOMETIMES,YES,YES,NO,SOMETIMES,NOT_SURE,WITHIN_YEAR,0,12,0,31,38,8,0,36,31,30,12,16,LOW
SYN-00604,casual_sharer,FRIENDS,NO,YES,YES,YES,SOMETIMES,YES,YES,YES,PUBLIC,ALWAYS,SOMETIMES,NEVER,NOT_SURE,SOMETIMES,YES,NO,NO,YES,NO,OVER_A_YEAR,27,79,76,74,12,63,41,60,18,80,35,53,HIGH
SYN-00605,average_user,FRIENDS,NOT_SURE,YES,YES,NOT_SURE,NOT_SURE,NOT_SURE,NO,NOT_SURE,FRIENDS,SOMETIMES,YES,SOMETIMES,NOT_SURE,SOMETIMES,NOT_SURE,YES,NOT_SURE,SOMETIMES,SOMETIMES,WITHIN_YEAR,70,77,60,49,61,28,46,62,61,36,35,58,HIGH
SYN-00606,casual_sharer,PUBLIC,NO,NOT_SURE,YES,NO,SOMETIMES,NO,YES,NOT_SURE,FRIENDS,SOMETIMES,SOMETIMES,ALWAYS,NO,SOMETIMES,YES,NO,NOT_SURE,YES,SOMETIMES,NEVER,79,51,47,65,94,73,47,43,34,69,38,58,HIGH
SYN-00607,privacy_conscious,PRIVATE,NO,NOT_SURE,YES,NOT_SURE,SOMETIMES,NOT_SURE,NOT_SURE,YES,PRIVATE,OFTEN,NOT_SURE,NEVER,YES,YES,NOT_SURE,YES,NOT_SURE,YES,SOMETIMES,WITHIN_3_MONTHS,7,46,56,28,12,0,37,32,6,12,20,28,MODERATE
SYN-00608,oversharer,FRIENDS,YES,NOT_SURE,NOT_SURE,NO,SOMETIMES,YES,NO,YES,FRIENDS,SOMETIMES,SOMETIMES,OFTEN,NOT_SURE,NO,NO,YES,YES,NOT_SURE,NOT_SURE,OVER_A_YEAR,30,81,49,81,81,48,66,100,47,82,39,65,HIGH
SYN-00609,average_user,PUBLIC,NOT_SURE,NOT_SURE,NO,YES,NO,NOT_SURE,NOT_SURE,NOT_SURE,FRIENDS,SOMETIMES,NO,SOMETIMES,YES,YES,NOT_SURE,NOT_SURE,YES,NO,YES,OVER_A_YEAR,70,58,27,60,15,8,72,17,49,45,28,46,HIGH
SYN-00610,privacy_conscious,PRIVATE,NOT_SURE,NOT_SURE,NOT_SURE,NO,NO,NO,NO,NO,PRIVATE,NEVER,NO,OFTEN,YES,YES,YES,YES,NO,YES,YES,WITHIN_3_MONTHS,0,31,7,0,46,0,6,9,6,6,8,13,LOW
SYN-00611,oversharer,FRIENDS,YES,NOT_SURE,YES,NOT_SURE,SOMETIMES,YES,YES,YES,PUBLIC,OFTEN,SOMETIMES,OFTEN,NO,NO,NO,NO,YES,NO,NO,NEVER,70,94,63,67,81,92,94,100,90,84,49,82,CRITICAL
SYN-00612,privacy_conscious,PRIVATE,NO,NOT_SURE,NO,NO,NO,NO,YES,NOT_SURE,FRIENDS,SOMETIMES,NO,SOMETIMES,NOT_SURE,SOMETIMES,YES,YES,NO,NOT_SURE,SOMETIMES,OVER_A_YEAR,7,21,6,13,15,64,0,26,23,63,15,18,LOW
SYN-00613,casual_sharer,NOT_SURE,YES,NO,NOT_SURE,YES,YES,YES,NO,YES,NOT_SURE,OFTEN,SOMETIMES,OFTEN,YES,SOMETIMES,NOT_SURE,YES,NOT_SURE,NO,NOT_SURE,OVER_A_YEAR,43,64,76,79,67,0,46,70,79,65,39,61,HIGH
SYN-00614,oversharer,PUBLIC,YES,YES,YES,YES,SOMETIMES,YES,YES,YES,FRIENDS,OFTEN,NOT_SURE,ALWAYS,NO,SOMETIMES,YES,NOT_SURE,NOT_SURE,NO,NO,NEVER,100,100,61,65,100,89,58,38,74,96,47,78,CRITICAL
SYN-00615,privacy_conscious,FRIENDS,NO,NO,NO,NO,SOMETIMES,NO,NOT_SURE,NO,PRIVATE,SOMETIMES,YES,NEVER,YES,SOMETIMES,YES,YES,NO,NOT_SURE,SOMETIMES,OVER_A_YEAR,20,17,49,8,9,0,6,19,24,52,14,20,LOW
SYN-00616,casual_sharer,PUBLIC,NOT_SURE,NOT_SURE,YES,YES,YES,YES,YES,NOT_SURE,PUBLIC,OFTEN,YES,SOMETIMES,NOT_SURE,SOMETIMES,NOT_SURE,NO,YES,NOT_SURE,NO,OVER_A_YEAR,100,82,96,89,55,63,82,71,44,79,49,78,CRITICAL
SYN-00617,average_user,FRIENDS,YES,YES,YES,NOT_SURE,SOMETIMES,NOT_SURE,YES,YES,PRIVATE,ALWAYS,SOMETIMES,SOMETIMES,YES,SOMETIMES,YES,YES,NO,SOMETIMES,SOMETIMES,OVER_A_YEAR,40,88,64,42,50,0,6,51,22,46,32,44,HIGH
SYN-00618,privacy_conscious,PRIVATE,NO,NO,NO,NO,NO,NO,NO,NO,PRIVATE,SOMETIMES,SOMETIMES,NEVER,YES,YES,YES,YES,NO,YES,YES,WITHIN_YEAR,27,0,21,34,13,12,0,9,11,13,11,13,LOW
SYN-00619,average_user,FRIENDS,NOT_SURE,NO,YES,NO,SOMETIMES,NO,NOT_SURE,YES,NOT_SURE,OFTEN,SOMETIMES,SOMETIMES,NOT_SURE,SOMETIMES,YES,YES,NO,NOT_SURE,NO,OVER_A_YEAR,60,57,52,61,50,63,20,72,75,69,40,54,HIGH
SYN-00620,casual_sharer,PRIVATE,NO,NOT_SURE,NO,YES,YES,YES,NO,NO,FRIENDS,ALWAYS,SOMETIMES,OFTEN,NO,SOMETIMES,NOT_SURE,NOT_SURE,NOT_SURE,NO,NOT_SURE,NEVER,7,31,80,21,51,100,57,59,96,77,38,54,HIGH
SYN-00621,average_user,PUBLIC,NO,NO,NOT_SURE,NOT_SURE,SOMETIMES,NO,NOT_SURE,NO,PRIVATE,SOMETIMES,NO,SOMETIMES,YES,NOT_SURE,YES,NOT_SURE,YES,SOMETIMES,NO,WITHIN_YEAR,89,14,44,16,68,0,71,52,65,69,34,49,HIGH
SYN-00622,average_user,FRIENDS,NOT_SURE,NOT_SURE,NO,YES,SOMETIMES,NO,NO,NOT_SURE,FRIENDS,OFTEN,SOMETIMES,OFTEN,YES,YES,YES,YES,NOT_SURE,NOT_SURE,YES,WITHIN_3_MONTHS,61,27,46,36,50,16,23,17,47,21,26,36,MODERATE
SYN-00623,casual_sharer,NOT_SURE,NOT_SURE,NOT_SURE,YES,YES,SOMETIMES,YES,YES,YES,PUBLIC,SOMETIMES,NOT_SURE,ALWAYS,NOT_SURE,YES,NOT_SURE,NO,YES,NOT_SURE,NO,OVER_A_YEAR,87,86,56,66,100,64,89,51,83,77,48,78,CRITICAL
SYN-00624,casual_sharer,PRIVATE,NOT_SURE,YES,YES,NOT_SURE,SOMETIMES,YES,YES,NOT_SURE,FRIENDS,OFTEN,SOMETIMES,OFTEN,NOT_SURE,SOMETIMES,YES,NOT_SURE,NOT_SURE,SOMETIMES,NO,WITHIN_YEAR,31,88,54,57,83,69,50,71,42,80,42,61,HIGH
SYN-00625,casual_sharer,PUBLIC,NOT_SURE,YES,YES,NOT_SURE,YES,NOT_SURE,YES,YES,FRIENDS,SOMETIMES,YES,ALWAYS,NOT_SURE,SOMETIMES,NO,NO,YES,NOT_SURE,NO,OVER_A_YEAR,87,88,64,52,92,80,90,51,58,86,48,76,CRITICAL
SYN-00626,privacy_conscious,FRIENDS,NO,NO,NO,NO,NO,NO,NOT_SURE,NO,FRIENDS,SOMETIMES,NO,NEVER,YES,YES,YES,YES,NO,YES,YES,WITHIN_3_MONTHS,20,4,6,48,0,35,0,8,40,11,10,15,LOW
SYN-00627,oversharer,PUBLIC,NO,NOT_SURE,NOT_SURE,NO,YES,NOT_SURE,YES,NOT_SURE,FRIENDS,SOMETIMES,SOMETIMES,OFTEN,NOT_SURE,SOMETIMES,NOT_SURE,NOT_SURE,NO,NOT_SURE,SOMETIMES,WITHIN_YEAR,100,59,49,47,79,77,51,62,76,55,43,64,HIGH
SYN-00628,casual_sharer,NOT_SURE,NOT_SURE,NOT_SURE,YES,YES,YES,NOT_SURE,NO,NOT_SURE,NOT_SURE,ALWAYS,YES,ALWAYS,YES,SOMETIMES,NO,NO,YES,SOMETIMES,SOMETIMES,WITHIN_YEAR,67,50,100,55,91,52,94,62,47,57,46,71,CRITICAL
SYN-00629,average_user,NOT_SURE,NO,NO,NOT_SURE,NOT_SURE,NOT_SURE,NO,YES,NOT_SURE,FRIENDS,OFTEN,SOMETIMES,NEVER,YES,YES,NO,NOT_SURE,NOT_SURE,SOMETIMES,SOMETIMES,WITHIN_YEAR,69,36,63,47,26,20,64,32,77,51,39,52,HIGH
SYN-00630,oversharer,FRIENDS,NOT_SURE,NOT_SURE,YES,NOT_SURE,SOMETIMES,NO,YES,YES,FRIENDS,ALWAYS,SOMETIMES,OFTEN,NO,NOT_SURE,NO,NO,YES,NOT_SURE,SOMETIMES,OVER_A_YEAR,56,76,65,71,72,100,93,84,84,70,47,76,CRITICAL
SYN-00631,average_user,FRIENDS,NO,NO,NO,NO,NO,NO,NOT_SURE,NOT_SURE,NOT_SURE,SOMETIMES,NO,SOMETIMES,NO,SOMETIMES,YES,YES,YES,YES,SOMETIMES,NEVER,36,10,17,53,24,56,30,36,34,67,23,31,MODERATE
SYN-00632,privacy_conscious,PRIVATE,NOT_SURE,NO,NO,NO,NO,NOT_SURE,YES,YES,FRIENDS,NEVER,NO,NEVER,YES,NO,YES,YES,NO,SOMETIMES,YES,WITHIN_YEAR,46,48,0,28,0,12,6,45,48,18,17,24,MODERATE
SYN-00633,average_user,FRIENDS,NOT_SURE,NO,NOT_SURE,NO,SOMETIMES,YES,YES,NO,PRIVATE,SOMETIMES,NO,NEVER,YES,SOMETIMES,NO,NO,NO,YES,YES,WITHIN_3_MONTHS,73,40,36,11,9,8,48,67,40,17,25,36,MODERATE
SYN-00634,casual_sharer,FRIENDS,YES,NOT_SURE,YES,NO,NOT_SURE,YES,NOT_SURE,YES,FRIENDS,ALWAYS,SOMETIMES,NEVER,NO,NO,NO,NOT_SURE,NOT_SURE,SOMETIMES,SOMETIMES,WITHIN_YEAR,49,83,56,36,28,81,66,64,59,61,38,58,HIGH
SYN-00635,oversharer,PUBLIC,NOT_SURE,YES,YES,YES,YES,YES,YES,YES,PUBLIC,OFTEN,YES,SOMETIMES,NOT_SURE,NO,NO,NO,YES,SOMETIMES,NO,OVER_A_YEAR,81,92,87,84,72,80,100,95,63,85,48,85,CRITICAL
SYN-00636,privacy_conscious,FRIENDS,NO,NO,NO,NO,SOMETIMES,NO,NO,NO,NOT_SURE,SOMETIMES,SOMETIMES,NEVER,YES,YES,YES,YES,NO,YES,YES,WITHIN_3_MONTHS,13,0,32,35,9,27,6,17,18,10,10,16,LOW
SYN-00637,average_user,FRIENDS,NO,NO,NOT_SURE,NOT_SURE,NOT_SURE,NO,NO,NO,FRIENDS,NEVER,NOT_SURE,SOMETIMES,NO,SOMETIMES,YES,NOT_SURE,NOT_SURE,SOMETIMES,YES,OVER_A_YEAR,56,10,39,50,24,73,51,36,39,48,29,40,MODERATE
SYN-00638,oversharer,PUBLIC,NOT_SURE,YES,YES,YES,SOMETIMES,NOT_SURE,YES,NOT_SURE,PUBLIC,OFTEN,YES,SOMETIMES,NOT_SURE,NOT_SURE,NO,NO,YES,SOMETIMES,SOMETIMES,WITHIN_YEAR,86,83,81,84,56,83,90,67,62,53,46,77,CRITICAL
SYN-00639,average_user,FRIENDS,NO,NOT_SURE,NO,NOT_SURE,SOMETIMES,NO,NO,NO,PRIVATE,SOMETIMES,NOT_SURE,OFTEN,YES,SOMETIMES,NOT_SURE,YES,NO,NO,SOMETIMES,WITHIN_3_MONTHS,20,8,50,0,56,0,17,62,79,34,19,32,MODERATE
SYN-00640,average_user,PUBLIC,NOT_SURE,YES,YES,NO,SOMETIMES,YES,YES,NOT_SURE,FRIENDS,NEVER,SOMETIMES,SOMETIMES,NO,SOMETIMES,NOT_SURE,NO,NO,SOMETIMES,SOMETIMES,OVER_A_YEAR,67,88,35,55,56,76,58,52,58,60,43,60,HIGH
SYN-00641,average_user,PUBLIC,NO,YES,NO,YES,SOMETIMES,NO,NOT_SURE,NO,FRIENDS,OFTEN,YES,SOMETIMES,YES,SOMETIMES,NO,NO,YES,NOT_SURE,SOMETIMES,OVER_A_YEAR,83,18,78,43,66,55,88,52,57,59,37,61,HIGH
SYN-00642,average_user,NOT_SURE,NO,NO,NO,NOT_SURE,SOMETIMES,NO,NO,NO,NOT_SURE,NEVER,NOT_SURE,SOMETIMES,YES,SOMETIMES,YES,YES,NO,YES,SOMETIMES,OVER_A_YEAR,30,0,42,57,15,20,12,30,5,50,19,24,MODERATE
SYN-00643,privacy_conscious,PRIVATE,NO,NOT_SURE,NO,NOT_SURE,SOMETIMES,NOT_SURE,NO,NO,PRIVATE,NEVER,NOT_SURE,NEVER,YES,YES,YES,YES,NO,YES,SOMETIMES,WITHIN_YEAR,13,27,31,16,0,0,0,17,0,41,14,14,LOW
SYN-00644,average_user,FRIENDS,NOT_SURE,YES,NO,NOT_SURE,SOMETIMES,NOT_SURE,NOT_SURE,YES,FRIENDS,SOMETIMES,SOMETIMES,NEVER,YES,YES,NOT_SURE,NO,NOT_SURE,NOT_SURE,SOMETIMES,WITHIN_YEAR,49,59,46,55,19,24,74,32,34,24,31,47,HIGH
SYN-00645,average_user,PRIVATE,NO,NOT_SURE,NO,NOT_SURE,NO,NO,NO,NO,FRIENDS,OFTEN,NO,NEVER,YES,SOMETIMES,YES,NOT_SURE,YES,SOMETIMES,SOMETIMES,WITHIN_3_MONTHS,29,8,26,52,22,12,62,60,28,48,27,34,MODERATE
SYN-00646,average_user,PUBLIC,NO,NOT_SURE,YES,NO,NOT_SURE,NOT_SURE,NO,NO,FRIENDS,SOMETIMES,NO,OFTEN,YES,YES,NOT_SURE,NOT_SURE,YES,YES,SOMETIMES,WITHIN_YEAR,69,32,33,57,67,20,60,14,5,29,25,42,HIGH
SYN-00647,average_user,FRIENDS,NO,NO,NO,NO,SOMETIMES,NO,NO,NO,PUBLIC,OFTEN,NOT_SURE,SOMETIMES,NO,SOMETIMES,YES,YES,NOT_SURE,SOMETIMES,SOMETIMES,WITHIN_YEAR,13,0,47,66,37,40,32,36,61,25,21,35,MODERATE
SYN-00648,average_user,NOT_SURE,NO,NOT_SURE,NO,NOT_SURE,NO,NO,NO,NOT_SURE,FRIENDS,SOMETIMES,SOMETIMES,OFTEN,NOT_SURE,NOT_SURE,YES,NOT_SURE,YES,NOT_SURE,SOMETIMES,WITHIN_YEAR,73,14,46,62,72,75,44,37,65,55,37,51,HIGH
SYN-00649,average_user,NOT_SURE,NOT_SURE,NO,NO,YES,SOMETIMES,NO,NO,NO,FRIENDS,ALWAYS,SOMETIMES,OFTEN,YES,SOMETIMES,YES,YES,NO,NO,NOT_SURE,OVER_A_YEAR,60,25,56,57,72,8,18,51,58,75,34,46,HIGH
SYN-00650,casual_sharer,NOT_SURE,NOT_SURE,NO,NO,NOT_SURE,SOMETIMES,NO,YES,YES,FRIENDS,NEVER,NO,NEVER,YES,NOT_SURE,NO,NO,YES,SOMETIMES,YES,WITHIN_3_MONTHS,68,30,40,44,35,44,81,68,47,11,33,48,HIGH
SYN-00651,average_user,FRIENDS,NOT_SURE,YES,NO,NO,NO,NO,YES,NOT_SURE,PUBLIC,SOMETIMES,SOMETIMES,OFTEN,YES,YES,NOT_SURE,NO,NOT_SURE,NOT_SURE,NO,OVER_A_YEAR,13,52,21,58,68,8,77,9,24,45,26,42,HIGH
SYN-00652,privacy_conscious,PRIVATE,NO,NO,NO,NO,NO,NO,NO,NO,FRIENDS,SOMETIMES,SOMETIMES,NEVER,YES,SOMETIMES,YES,YES,NO,YES,YES,WITHIN_YEAR,0,0,15,41,12,16,0,42,9,12,11,12,LOW
SYN-00653,average_user,FRIENDS,YES,NOT_SURE,YES,NOT_SURE,SOMETIMES,NOT_SURE,NO,NO,NOT_SURE,NEVER,SOMETIMES,ALWAYS,YES,SOMETIMES,YES,YES,NO,SOMETIMES,SOMETIMES,OVER_A_YEAR,27,65,44,35,94,41,6,52,55,53,32,46,HIGH
SYN-00654,average_user,PUBLIC,NOT_SURE,YES,YES,NOT_SURE,NOT_SURE,NO,NOT_SURE,NO,FRIENDS,OFTEN,SOMETIMES,ALWAYS,NOT_SURE,SOMETIMES,YES,YES,NO,YES,SOMETIMES,WITHIN_YEAR,80,60,57,48,78,72,25,26,11,39,34,50,HIGH
SYN-00655,privacy_conscious,FRIENDS,NO,NO,NOT_SURE,NO,SOMETIMES,NO,YES,NO,PRIVATE,SOMETIMES,NO,SOMETIMES,YES,NOT_SURE,NOT_SURE,NOT_SURE,NO,SOMETIMES,SOMETIMES,WITHIN_3_MONTHS,41,17,32,8,28,0,36,58,27,23,18,27,MODERATE
SYN-00656,average_user,PUBLIC,NO,NOT_SURE,NO,NOT_SURE,NOT_SURE,NO,NO,NO,PRIVATE,SOMETIMES,SOMETIMES,OFTEN,YES,SOMETIMES,NOT_SURE,NOT_SURE,NOT_SURE,SOMETIMES,NO,WITHIN_YEAR,57,8,58,42,54,12,59,64,73,51,32,48,HIGH
SYN-00657,average_user,PUBLIC,NOT_SURE,NOT_SURE,NO,NO,SOMETIMES,NOT_SURE,YES,NOT_SURE,FRIENDS,NEVER,NO,SOMETIMES,NOT_SURE,NO,YES,NO,NO,YES,YES,WITHIN_YEAR,70,52,11,13,37,28,24,47,50,23,23,35,MODERATE
SYN-00658,average_user,FRIENDS,NO,NO,NO,NO,NO,NO,NO,NO,PRIVATE,SOMETIMES,NO,OFTEN,YES,SOMETIMES,YES,YES,NO,SOMETIMES,YES,OVER_A_YEAR,13,0,6,28,46,12,6,57,67,27,18,22,MODERATE
SYN-00659,casual_sharer,FRIENDS,YES,NO,YES,NOT_SURE,NOT_SURE,NOT_SURE,YES,YES,FRIENDS,SOMETIMES,YES,OFTEN,NOT_SURE,YES,NO,NO,NOT_SURE,NO,SOMETIMES,OVER_A_YEAR,52,74,65,39,67,48,87,42,75,61,42,65,HIGH
SYN-00660,average_user,PRIVATE,NO,NOT_SURE,NO,YES,SOMETIMES,NO,NO,NO,PRIVATE,SOMETIMES,NOT_SURE,OFTEN,YES,SOMETIMES,YES,YES,NOT_SURE,YES,YES,OVER_A_YEAR,20,8,56,11,74,36,14,51,0,17,19,27,MODERATE
SYN-00661,privacy_conscious,NOT_SURE,NO,NO,NO,NOT_SURE,NOT_SURE,NO,NO,NO,PRIVATE,NEVER,YES,SOMETIMES,YES,YES,YES,YES,NOT_SURE,SOMETIMES,SOMETIMES,WITHIN_YEAR,20,0,41,8,15,12,14,0,46,19,12,19,LOW
SYN-00662,privacy_conscious,FRIENDS,NO,NO,NO,NO,NO,NOT_SURE,NO,NO,FRIENDS,NEVER,NO,SOMETIMES,YES,SOMETIMES,YES,YES,NO,YES,YES,WITHIN_YEAR,20,6,0,39,56,0,6,28,6,7,10,16,LOW
SYN-00663,privacy_conscious,FRIENDS,NO,NO,NO,NO,SOMETIMES,NO,NO,NO,PRIVATE,SOMETIMES,SOMETIMES,SOMETIMES,YES,YES,YES,YES,NO,YES,YES,WITHIN_YEAR,23,0,32,0,37,12,8,25,6,29,10,16,LOW
SYN-00664,casual_sharer,FRIENDS,YES,NO,NOT_SURE,YES,SOMETIMES,NOT_SURE,NOT_SURE,NOT_SURE,PUBLIC,ALWAYS,NOT_SURE,ALWAYS,NO,SOMETIMES,YES,NOT_SURE,YES,SOMETIMES,SOMETIMES,OVER_A_YEAR,61,68,78,69,82,69,44,77,29,68,41,63,HIGH
SYN-00665,casual_sharer,FRIENDS,YES,NO,YES,YES,NO,YES,YES,YES,PRIVATE,OFTEN,SOMETIMES,SOMETIMES,NO,SOMETIMES,NO,YES,NOT_SURE,NO,NO,WITHIN_YEAR,43,86,49,8,38,100,38,60,79,56,32,54,HIGH
SYN-00666,casual_sharer,FRIENDS,NOT_SURE,YES,NOT_SURE,NO,SOMETIMES,NO,YES,NO,PRIVATE,OFTEN,SOMETIMES,OFTEN,YES,SOMETIMES,YES,NOT_SURE,NOT_SURE,SOMETIMES,NOT_SURE,WITHIN_YEAR,42,56,46,26,64,25,48,51,71,48,33,49,HIGH
SYN-00667,casual_sharer,PUBLIC,NOT_SURE,YES,YES,YES,NOT_SURE,YES,YES,YES,FRIENDS,SOMETIMES,YES,OFTEN,YES,SOMETIMES,NO,NO,YES,NO,YES,WITHIN_YEAR,100,92,79,41,81,47,93,77,88,43,46,79,CRITICAL
SYN-00668,casual_sharer,PUBLIC,YES,YES,YES,YES,NO,NOT_SURE,YES,NOT_SURE,PUBLIC,SOMETIMES,NOT_SURE,OFTEN,NO,SOMETIMES,YES,NO,YES,SOMETIMES,SOMETIMES,WITHIN_YEAR,90,83,50,49,62,87,63,57,80,55,44,67,HIGH
SYN-00669,casual_sharer,FRIENDS,NOT_SURE,NOT_SURE,NOT_SURE,NOT_SURE,NOT_SURE,NO,NOT_SURE,YES,FRIENDS,OFTEN,NOT_SURE,SOMETIMES,NO,SOMETIMES,NO,NO,NOT_SURE,NO,YES,OVER_A_YEAR,64,66,58,57,62,81,87,36,54,43,41,63,HIGH
SYN-00670,casual_sharer,FRIENDS,YES,YES,YES,NO,SOMETIMES,YES,NOT_SURE,NOT_SURE,NOT_SURE,SOMETIMES,NO,NEVER,NO,SOMETIMES,NOT_SURE,NOT_SURE,NO,SOMETIMES,SOMETIMES,WITHIN_3_MONTHS,69,85,30,63,44,68,36,67,59,32,38,54,HIGH
SYN-00671,casual_sharer,PUBLIC,NOT_SURE,YES,NOT_SURE,NOT_SURE,SOMETIMES,YES,NOT_SURE,NOT_SURE,PRIVATE,NEVER,SOMETIMES,ALWAYS,NOT_SURE,NOT_SURE,NOT_SURE,YES,NO,SOMETIMES,SOMETIMES,NEVER,93,78,48,28,100,64,25,77,69,62,42,62,HIGH
SYN-00672,average_user,FRIENDS,NO,NOT_SURE,YES,NO,SOMETIMES,YES,YES,NOT_SURE,NOT_SURE,SOMETIMES,SOMETIMES,OFTEN,NOT_SURE,SOMETIMES,YES,NOT_SURE,YES,SOMETIMES,SOMETIMES,WITHIN_3_MONTHS,48,61,40,55,72,88,56,57,51,41,39,55,HIGH
SYN-00673,average_user,PRIVATE,NOT_SURE,YES,YES,YES,SOMETIMES,NOT_SURE,NO,NO,FRIENDS,SOMETIMES,SOMETIMES,SOMETIMES,YES,SOMETIMES,NOT_SURE,NOT_SURE,NOT_SURE,YES,SOMETIMES,OVER_A_YEAR,0,50,41,28,28,8,65,42,41,51,28,38,MODERATE
SYN-00674,average_user,FRIENDS,YES,YES,YES,NOT_SURE,SOMETIMES,YES,YES,YES,FRIENDS,OFTEN,NOT_SURE,OFTEN,YES,NO,NOT_SURE,YES,NO,SOMETIMES,YES,WITHIN_YEAR,60,100,56,44,79,8,35,85,29,19,34,55,HIGH
SYN-00675,privacy_conscious,PRIVATE,NO,NO,NO,NOT_SURE,NOT_SURE,NO,NO,NO,FRIENDS,SOMETIMES,SOMETIMES,NEVER,YES,SOMETIMES,YES,YES,NO,SOMETIMES,YES,WITHIN_3_MONTHS,7,0,51,33,32,0,0,26,27,11,12,19,LOW
SYN-00676,casual_sharer,NOT_SURE,NO,NOT_SURE,YES,NO,NOT_SURE,YES,YES,NO,FRIENDS,SOMETIMES,SOMETIMES,SOMETIMES,NO,SOMETIMES,NO,NOT_SURE,NOT_SURE,SOMETIMES,YES,WITHIN_YEAR,71,55,47,55,62,69,76,62,70,34,41,61,HIGH
SYN-00677,casual_sharer,PUBLIC,YES,YES,NOT_SURE,NO,NO,YES,NOT_SURE,YES,PRIVATE,SOMETIMES,SOMETIMES,OFTEN,NOT_SURE,NOT_SURE,YES,YES,NO,SOMETIMES,NO,OVER_A_YEAR,81,82,23,26,59,64,18,54,63,71,38,51,HIGH
SYN-00678,oversharer,PUBLIC,NOT_SURE,YES,NOT_SURE,YES,SOMETIMES,YES,YES,NOT_SURE,NOT_SURE,SOMETIMES,YES,ALWAYS,NO,NOT_SURE,NO,NO,NOT_SURE,SOMETIMES,NO,NEVER,84,72,80,36,92,95,90,77,49,90,48,76,CRITICAL
SYN-00679,privacy_conscious,PRIVATE,NO,NO,NOT_SURE,NO,NO,NOT_SURE,NO,NO,FRIENDS,NEVER,NO,SOMETIMES,NOT_SURE,SOMETIMES,YES,YES,NO,NOT_SURE,SOMETIMES,WITHIN_3_MONTHS,0,17,6,32,46,28,0,44,29,29,15,19,LOW
SYN-00680,average_user,FRIENDS,YES,NO,NO,YES,NOT_SURE,NO,NOT_SURE,NO,FRIENDS,SOMETIMES,SOMETIMES,NEVER,NO,YES,NO,NO,NOT_SURE,SOMETIMES,SOMETIMES,WITHIN_YEAR,56,37,62,50,9,100,83,0,14,30,29,47,HIGH
SYN-00681,oversharer,FRIENDS,YES,YES,YES,YES,SOMETIMES,YES,YES,NOT_SURE,PUBLIC,OFTEN,YES,ALWAYS,NOT_SURE,NOT_SURE,NO,NO,YES,NO,NO,NEVER,59,88,81,75,89,88,100,68,86,94,49,84,CRITICAL
SYN-00682,privacy_conscious,NOT_SURE,NO,NO,NOT_SURE,NO,NO,NO,NO,NOT_SURE,PRIVATE,OFTEN,NO,SOMETIMES,NOT_SURE,SOMETIMES,YES,YES,NO,SOMETIMES,YES,WITHIN_YEAR,20,17,19,8,28,28,18,30,21,12,15,19,LOW
SYN-00683,average_user,PRIVATE,NO,NO,NO,NO,SOMETIMES,NOT_SURE,NO,NOT_SURE,PUBLIC,ALWAYS,YES,SOMETIMES,NO,YES,YES,YES,NO,SOMETIMES,SOMETIMES,OVER_A_YEAR,18,12,58,94,28,79,6,14,41,50,25,37,MODERATE
SYN-00684,average_user,PRIVATE,NO,NO,NO,NOT_SURE,NOT_SURE,NO,NO,NO,FRIENDS,SOMETIMES,YES,SOMETIMES,YES,SOMETIMES,NOT_SURE,NO,NOT_SURE,NOT_SURE,SOMETIMES,NEVER,39,0,47,47,41,16,56,81,79,46,27,43,HIGH
SYN-00685,oversharer,PUBLIC,YES,NOT_SURE,NOT_SURE,YES,NO,YES,YES,NOT_SURE,FRIENDS,OFTEN,SOMETIMES,ALWAYS,NO,SOMETIMES,NO,NO,NOT_SURE,NOT_SURE,NO,NEVER,77,83,55,81,87,100,84,77,66,96,49,78,CRITICAL
SYN-00686,privacy_conscious,FRIENDS,NO,NO,NOT_SURE,NO,NOT_SURE,NO,NO,NO,FRIENDS,SOMETIMES,SOMETIMES,OFTEN,NOT_SURE,YES,YES,YES,NO,SOMETIMES,YES,OVER_A_YEAR,27,10,42,13,54,48,18,14,38,17,18,28,MODERATE
SYN-00687,privacy_conscious,PRIVATE,NO,NO,NO,NO,NO,NO,NO,NO,PRIVATE,OFTEN,NOT_SURE,NEVER,YES,YES,YES,YES,NO,YES,YES,WITHIN_3_MONTHS,7,0,33,8,12,20,12,8,21,0,9,13,LOW
SYN-00688,oversharer,FRIENDS,NOT_SURE,NOT_SURE,YES,YES,SOMETIMES,YES,YES,YES,FRIENDS,ALWAYS,SOMETIMES,OFTEN,NOT_SURE,NOT_SURE,NO,NO,YES,NO,NO,NEVER,52,86,69,55,85,44,94,60,67,88,46,73,CRITICAL
SYN-00689,privacy_conscious,FRIENDS,NO,NO,NO,NO,SOMETIMES,NO,NO,NOT_SURE,FRIENDS,SOMETIMES,SOMETIMES,NEVER,YES,SOMETIMES,YES,YES,NO,SOMETIMES,SOMETIMES,WITHIN_3_MONTHS,27,6,34,42,19,0,6,59,23,12,17,22,MODERATE
SYN-00690,casual_sharer,FRIENDS,YES,YES,YES,YES,NOT_SURE,NOT_SURE,NOT_SURE,YES,FRIENDS,OFTEN,SOMETIMES,SOMETIMES,NOT_SURE,NOT_SURE,NO,NO,YES,SOMETIMES,NOT_SURE,NEVER,30,93,78,49,24,72,90,58,71,85,44,67,HIGH
SYN-00691,privacy_conscious,PRIVATE,NO,NO,NO,NO,SOMETIMES,NO,NO,NO,FRIENDS,OFTEN,NO,NEVER,YES,YES,YES,NOT_SURE,NO,YES,YES,WITHIN_YEAR,0,0,28,28,22,0,11,9,47,12,12,17,LOW
SYN-00692,average_user,PUBLIC,NOT_SURE,NO,NO,NO,SOMETIMES,NOT_SURE,NO,NOT_SURE,PUBLIC,SOMETIMES,SOMETIMES,SOMETIMES,NOT_SURE,NO,YES,YES,NO,NO,SOMETIMES,WITHIN_YEAR,50,25,32,74,37,72,18,38,79,30,28,42,HIGH
SYN-00693,average_user,NOT_SURE,NOT_SURE,NOT_SURE,NO,NO,SOMETIMES,NO,NO,NO,FRIENDS,OFTEN,NOT_SURE,SOMETIMES,YES,YES,YES,NOT_SURE,NO,SOMETIMES,SOMETIMES,WITHIN_3_MONTHS,27,21,33,47,24,0,26,0,14,12,16,24,MODERATE
SYN-00694,oversharer,PUBLIC,NOT_SURE,NOT_SURE,NOT_SURE,YES,YES,YES,NOT_SURE,YES,PUBLIC,SOMETIMES,SOMETIMES,OFTEN,NO,NO,NO,NO,NOT_SURE,SOMETIMES,NOT_SURE,OVER_A_YEAR,93,77,78,89,76,87,84,78,67,66,50,80,CRITICAL
SYN-00695,average_user,PRIVATE,NO,NO,YES,YES,SOMETIMES,NO,NO,YES,PRIVATE,NEVER,SOMETIMES,SOMETIMES,YES,SOMETIMES,YES,YES,NO,YES,SOMETIMES,WITHIN_YEAR,7,28,57,42,24,0,0,26,19,30,16,25,MODERATE
SYN-00696,average_user,FRIENDS,NO,NO,NO,NO,SOMETIMES,NO,NO,NO,FRIENDS,SOMETIMES,SOMETIMES,SOMETIMES,YES,SOMETIMES,YES,NO,NO,SOMETIMES,SOMETIMES,WITHIN_YEAR,20,21,34,31,59,13,24,33,53,30,21,32,MODERATE
SYN-00697,average_user,FRIENDS,NO,NOT_SURE,YES,NO,SOMETIMES,NO,NOT_SURE,NO,PRIVATE,SOMETIMES,NO,SOMETIMES,YES,SOMETIMES,YES,YES,NOT_SURE,SOMETIMES,YES,WITHIN_3_MONTHS,57,42,23,30,41,8,14,51,8,5,20,29,MODERATE
SYN-00698,average_user,PUBLIC,YES,NOT_SURE,NOT_SURE,NO,SOMETIMES,NOT_SURE,YES,YES,PRIVATE,SOMETIMES,SOMETIMES,ALWAYS,NO,NOT_SURE,NOT_SURE,NOT_SURE,NO,NOT_SURE,SOMETIMES,NEVER,60,75,40,26,59,69,42,51,41,73,38,52,HIGH
SYN-00699,average_user,PRIVATE,NO,NO,NO,NO,SOMETIMES,NOT_SURE,NO,NO,FRIENDS,SOMETIMES,SOMETIMES,OFTEN,NO,SOMETIMES,YES,NO,NOT_SURE,YES,SOMETIMES,WITHIN_YEAR,58,19,40,47,63,65,54,43,11,59,31,43,HIGH
SYN-00700,average_user,FRIENDS,NO,NO,NOT_SURE,NO,NO,NO,NO,NO,PUBLIC,SOMETIMES,NO,OFTEN,NOT_SURE,SOMETIMES,NOT_SURE,YES,YES,SOMETIMES,SOMETIMES,WITHIN_YEAR,64,10,6,75,38,63,55,19,66,30,26,41,HIGH
SYN-00701,average_user,PRIVATE,NO,NO,NO,NO,NO,NOT_SURE,NOT_SURE,YES,FRIENDS,NEVER,NO,NEVER,YES,SOMETIMES,NOT_SURE,YES,NOT_SURE,SOMETIMES,SOMETIMES,WITHIN_YEAR,13,33,13,21,0,12,37,36,34,19,16,23,MODERATE
SYN-00702,average_user,NOT_SURE,YES,YES,YES,NOT_SURE,NOT_SURE,YES,NOT_SURE,YES,FRIENDS,SOMETIMES,SOMETIMES,NEVER,NOT_SURE,YES,NOT_SURE,NOT_SURE,NO,NOT_SURE,YES,WITHIN_3_MONTHS,59,89,56,65,40,88,54,0,70,44,41,60,HIGH
SYN-00703,casual_sharer,PUBLIC,YES,NO,YES,YES,NOT_SURE,YES,YES,NOT_SURE,FRIENDS,ALWAYS,YES,OFTEN,NO,NO,NO,YES,YES,NO,NOT_SURE,WITHIN_YEAR,90,74,91,68,81,89,78,76,49,61,45,77,CRITICAL
SYN-00704,average_user,FRIENDS,NO,YES,NO,YES,NOT_SURE,NO,NO,NO,PUBLIC,SOMETIMES,YES,SOMETIMES,NOT_SURE,YES,NOT_SURE,NOT_SURE,NOT_SURE,NO,SOMETIMES,WITHIN_YEAR,44,14,76,60,66,69,72,0,71,60,36,55,HIGH
SYN-00705,average_user,FRIENDS,NO,NO,NOT_SURE,NO,SOMETIMES,NOT_SURE,YES,NOT_SURE,PRIVATE,NEVER,SOMETIMES,NEVER,YES,NO,NOT_SURE,YES,NOT_SURE,SOMETIMES,SOMETIMES,WITHIN_YEAR,48,42,40,13,12,16,48,69,53,36,28,38,MODERATE
SYN-00706,average_user,FRIENDS,NOT_SURE,NO,NO,NOT_SURE,YES,NO,NO,NO,FRIENDS,OFTEN,SOMETIMES,SOMETIMES,YES,SOMETIMES,YES,YES,NO,YES,SOMETIMES,WITHIN_YEAR,54,12,65,51,15,28,0,36,38,25,20,32,MODERATE
SYN-00707,average_user,NOT_SURE,NO,NOT_SURE,NOT_SURE,YES,NOT_SURE,YES,YES,NO,FRIENDS,NEVER,SOMETIMES,SOMETIMES,YES,SOMETIMES,YES,YES,NO,SOMETIMES,YES,WITHIN_YEAR,68,57,57,47,61,20,8,49,61,40,35,47,HIGH
SYN-00708,average_user,PRIVATE,NO,NOT_SURE,NOT_SURE,NO,NO,NO,NOT_SURE,NO,FRIENDS,NEVER,SOMETIMES,OFTEN,YES,NOT_SURE,YES,NOT_SURE,NO,YES,SOMETIMES,OVER_A_YEAR,0,23,17,25,62,12,17,34,14,60,19,24,MODERATE
SYN-00709,privacy_conscious,FRIENDS,NO,NO,NO,NOT_SURE,SOMETIMES,NO,NO,NO,NOT_SURE,NEVER,SOMETIMES,NEVER,YES,YES,YES,YES,NO,YES,YES,WITHIN_3_MONTHS,13,0,29,39,12,16,0,0,13,5,9,13,LOW
SYN-00710,average_user,FRIENDS,NO,YES,NOT_SURE,YES,SOMETIMES,NOT_SURE,YES,NOT_SURE,FRIENDS,OFTEN,SOMETIMES,SOMETIMES,NOT_SURE,YES,NO,NO,YES,SOMETIMES,SOMETIMES,WITHIN_YEAR,33,43,67,57,37,48,88,8,58,30,32,52,HIGH
SYN-00711,privacy_conscious,PRIVATE,NO,NO,NO,NO,NO,NO,NO,NO,FRIENDS,SOMETIMES,SOMETIMES,OFTEN,YES,YES,YES,YES,NO,YES,YES,WITHIN_3_MONTHS,17,0,29,13,50,0,0,8,6,0,6,13,LOW
SYN-00712,average_user,FRIENDS,NO,NOT_SURE,NO,NO,NO,NO,NO,NO,NOT_SURE,OFTEN,NOT_SURE,OFTEN,YES,SOMETIMES,YES,YES,NO,YES,YES,WITHIN_3_MONTHS,48,21,46,35,76,0,14,28,35,6,21,33,MODERATE
SYN-00713,average_user,FRIENDS,NOT_SURE,NOT_SURE,NO,NO,NOT_SURE,NOT_SURE,NO,NOT_SURE,FRIENDS,NEVER,SOMETIMES,OFTEN,NO,SOMETIMES,NOT_SURE,NOT_SURE,NO,SOMETIMES,YES,WITHIN_YEAR,13,33,37,36,64,89,60,57,26,13,27,41,HIGH
SYN-00714,average_user,FRIENDS,NO,NO,NO,NOT_SURE,NO,NO,NOT_SURE,NO,FRIENDS,NEVER,SOMETIMES,NEVER,NO,NO,YES,NO,NO,SOMETIMES,SOMETIMES,WITHIN_YEAR,59,4,31,31,22,95,16,81,54,35,26,35,MODERATE
SYN-00715,average_user,PRIVATE,NO,NO,NO,NO,SOMETIMES,NO,NO,NO,NOT_SURE,NEVER,SOMETIMES,NEVER,NOT_SURE,SOMETIMES,YES,YES,NO,SOMETIMES,SOMETIMES,WITHIN_YEAR,7,0,34,43,0,36,0,19,19,42,15,17,LOW
SYN-00716,casual_sharer,PUBLIC,YES,YES,NOT_SURE,YES,SOMETIMES,YES,NOT_SURE,NOT_SURE,FRIENDS,ALWAYS,NOT_SURE,OFTEN,NO,SOMETIMES,NOT_SURE,NOT_SURE,NO,SOMETIMES,NO,WITHIN_YEAR,82,86,74,38,62,92,46,62,65,57,44,66,HIGH
SYN-00717,average_user,FRIENDS,NO,NOT_SURE,NOT_SURE,YES,NOT_SURE,NOT_SURE,YES,YES,FRIENDS,SOMETIMES,SOMETIMES,NEVER,YES,SOMETIMES,YES,YES,NO,YES,YES,WITHIN_3_MONTHS,43,63,73,50,9,12,12,19,8,0,22,35,MODERATE
SYN-00718,average_user,FRIENDS,NO,NOT_SURE,NOT_SURE,NO,SOMETIMES,NO,NOT_SURE,NO,PRIVATE,OFTEN,SOMETIMES,OFTEN,YES,NO,YES,NOT_SURE,YES,SOMETIMES,YES,WITHIN_3_MONTHS,43,43,43,0,76,0,52,95,70,17,29,45,HIGH
SYN-00719,casual_sharer,FRIENDS,NO,NOT_SURE,NOT_SURE,YES,SOMETIMES,NOT_SURE,NOT_SURE,NO,FRIENDS,OFTEN,SOMETIMES,SOMETIMES,NO,NO,NO,NOT_SURE,NO,SOMETIMES,SOMETIMES,OVER_A_YEAR,53,41,60,48,53,87,56,76,52,51,39,55,HIGH
SYN-00720,oversharer,FRIENDS,YES,NOT_SURE,YES,YES,YES,YES,NOT_SURE,NOT_SURE,PUBLIC,ALWAYS,SOMETIMES,OFTEN,NO,NO,NO,NO,NOT_SURE,YES,NO,NEVER,61,88,91,92,69,95,87,86,55,97,50,82,CRITICAL
SYN-00721,oversharer,NOT_SURE,YES,YES,YES,YES,SOMETIMES,YES,YES,YES,PUBLIC,OFTEN,YES,ALWAYS,NO,SOMETIMES,NO,YES,YES,NOT_SURE,SOMETIMES,NEVER,60,92,78,76,91,100,54,62,64,76,47,75,CRITICAL
SYN-00722,average_user,NOT_SURE,NOT_SURE,NO,NOT_SURE,NO,SOMETIMES,NOT_SURE,NO,NO,FRIENDS,NEVER,SOMETIMES,NEVER,NO,SOMETIMES,YES,YES,NO,SOMETIMES,YES,OVER_A_YEAR,50,29,26,41,0,69,0,26,50,34,21,29,MODERATE
SYN-00723,average_user,FRIENDS,NOT_SURE,NO,NO,YES,SOMETIMES,NOT_SURE,YES,NO,PUBLIC,OFTEN,NOT_SURE,OFTEN,YES,YES,NOT_SURE,NOT_SURE,NOT_SURE,SOMETIMES,NO,WITHIN_YEAR,30,38,70,63,69,16,57,34,30,51,32,49,HIGH
SYN-00724,average_user,PRIVATE,NOT_SURE,NO,NO,NO,SOMETIMES,NOT_SURE,NO,NOT_SURE,PRIVATE,NEVER,NO,NEVER,YES,NOT_SURE,NOT_SURE,YES,NO,SOMETIMES,SOMETIMES,WITHIN_YEAR,10,25,19,8,12,8,34,65,33,19,19,23,MODERATE
SYN-00725,casual_sharer,PUBLIC,YES,NOT_SURE,NOT_SURE,NOT_SURE,NOT_SURE,YES,NOT_SURE,NO,PUBLIC,OFTEN,SOMETIMES,ALWAYS,NOT_SURE,YES,NOT_SURE,YES,NO,YES,SOMETIMES,WITHIN_YEAR,93,74,69,66,85,56,40,48,68,41,44,66,HIGH
SYN-00726,casual_sharer,PRIVATE,NO,NOT_SURE,NO,YES,NOT_SURE,NOT_SURE,NOT_SURE,NO,PUBLIC,OFTEN,SOMETIMES,OFTEN,NO,NOT_SURE,NO,NOT_SURE,NOT_SURE,YES,SOMETIMES,WITHIN_YEAR,57,31,62,69,55,81,75,75,23,60,41,56,HIGH
SYN-00727,average_user,FRIENDS,NO,NOT_SURE,YES,NOT_SURE,SOMETIMES,NOT_SURE,YES,YES,PRIVATE,OFTEN,SOMETIMES,SOMETIMES,NO,NO,NO,NO,NOT_SURE,SOMETIMES,NOT_SURE,OVER_A_YEAR,30,61,63,28,47,100,77,76,52,78,42,59,HIGH
SYN-00728,average_user,FRIENDS,NOT_SURE,NOT_SURE,NO,YES,SOMETIMES,NO,NO,YES,FRIENDS,SOMETIMES,NO,SOMETIMES,YES,SOMETIMES,NOT_SURE,NOT_SURE,NO,SOMETIMES,NOT_SURE,OVER_A_YEAR,30,43,52,39,28,27,58,42,27,79,30,43,HIGH
SYN-00729,privacy_conscious,FRIENDS,NO,NO,NOT_SURE,NO,NO,NO,NO,NO,FRIENDS,NEVER,NO,NEVER,YES,YES,NOT_SURE,YES,NO,YES,NOT_SURE,OVER_A_YEAR,13,10,6,21,26,0,25,14,8,59,12,17,LOW
SYN-00730,casual_sharer,PUBLIC,NO,NOT_SURE,NO,NO,YES,NOT_SURE,NOT_SURE,YES,PUBLIC,OFTEN,SOMETIMES,OFTEN,YES,NO,NO,NO,YES,NO,YES,NEVER,90,50,56,77,76,28,81,95,100,60,44,72,CRITICAL
SYN-00731,average_user,NOT_SURE,YES,NOT_SURE,NOT_SURE,YES,NOT_SURE,NO,NO,YES,FRIENDS,OFTEN,NOT_SURE,SOMETIMES,NO,YES,YES,YES,NOT_SURE,YES,SOMETIMES,WITHIN_YEAR,30,50,69,47,38,64,35,17,19,25,27,42,HIGH
SYN-00732,oversharer,PUBLIC,NOT_SURE,NOT_SURE,YES,YES,SOMETIMES,YES,YES,YES,FRIENDS,NEVER,SOMETIMES,OFTEN,NO,NOT_SURE,NO,NOT_SURE,NOT_SURE,SOMETIMES,SOMETIMES,NEVER,100,86,54,55,76,69,78,79,73,77,50,74,CRITICAL
SYN-00733,casual_sharer,FRIENDS,NOT_SURE,NOT_SURE,YES,NOT_SURE,YES,NOT_SURE,NOT_SURE,NO,NOT_SURE,OFTEN,SOMETIMES,NEVER,NO,SOMETIMES,NOT_SURE,NOT_SURE,YES,NO,SOMETIMES,NEVER,73,61,66,58,50,87,84,71,86,78,48,70,HIGH
SYN-00734,privacy_conscious,FRIENDS,NO,NO,NOT_SURE,NO,NO,NO,NO,NO,FRIENDS,NEVER,SOMETIMES,NEVER,YES,YES,YES,YES,NO,YES,YES,WITHIN_YEAR,13,10,9,21,0,16,0,0,16,13,5,9,LOW
SYN-00735,casual_sharer,PUBLIC,YES,NOT_SURE,YES,NOT_SURE,NOT_SURE,YES,NOT_SURE,YES,PUBLIC,OFTEN,SOMETIMES,ALWAYS,NO,NOT_SURE,NO,NO,YES,NO,NO,NEVER,91,92,65,100,100,95,94,50,83,90,52,87,CRITICAL
SYN-00736,privacy_conscious,PRIVATE,NO,NO,NO,NOT_SURE,NO,NO,NO,NO,PRIVATE,SOMETIMES,SOMETIMES,NEVER,YES,YES,YES,YES,NO,SOMETIMES,SOMETIMES,WITHIN_3_MONTHS,0,0,31,0,13,0,0,25,14,18,8,10,LOW
SYN-00737,oversharer,PUBLIC,NOT_SURE,YES,NOT_SURE,NOT_SURE,NO,YES,YES,NOT_SURE,FRIENDS,OFTEN,YES,ALWAYS,NO,SOMETIMES,NO,YES,NOT_SURE,NO,SOMETIMES,OVER_A_YEAR,90,72,64,62,82,100,61,61,62,62,46,70,HIGH
SYN-00738,casual_sharer,FRIENDS,NOT_SURE,NOT_SURE,NO,NO,SOMETIMES,YES,NO,NOT_SURE,FRIENDS,ALWAYS,NO,NEVER,NO,NO,NOT_SURE,NOT_SURE,YES,SOMETIMES,YES,OVER_A_YEAR,36,50,44,65,41,95,88,86,34,53,38,57,HIGH
SYN-00739,privacy_conscious,FRIENDS,NO,NO,NO,NO,SOMETIMES,NO,NO,NO,PRIVATE,NEVER,NO,NEVER,YES,SOMETIMES,NO,YES,NOT_SURE,YES,SOMETIMES,WITHIN_YEAR,13,0,17,11,13,0,68,26,13,25,11,20,LOW
SYN-00740,privacy_conscious,NOT_SURE,NO,NO,NO,NO,NO,NO,NO,NO,FRIENDS,NEVER,NO,SOMETIMES,YES,YES,YES,YES,NO,YES,YES,WITHIN_YEAR,20,0,0,13,15,12,0,17,13,12,4,8,LOW
SYN-00741,casual_sharer,FRIENDS,YES,YES,YES,NOT_SURE,YES,NOT_SURE,NOT_SURE,YES,FRIENDS,ALWAYS,YES,NEVER,YES,SOMETIMES,NOT_SURE,NO,NOT_SURE,NO,SOMETIMES,NEVER,57,93,94,38,26,12,74,41,91,67,41,66,HIGH
SYN-00742,oversharer,FRIENDS,YES,NOT_SURE,YES,YES,YES,YES,YES,YES,FRIENDS,OFTEN,YES,SOMETIMES,NO,SOMETIMES,NO,NO,NOT_SURE,NOT_SURE,NO,WITHIN_YEAR,76,86,93,60,46,100,84,51,83,80,47,78,CRITICAL
SYN-00743,casual_sharer,FRIENDS,YES,YES,NOT_SURE,NO,NOT_SURE,YES,YES,YES,FRIENDS,SOMETIMES,SOMETIMES,OFTEN,NO,SOMETIMES,YES,NO,YES,SOMETIMES,NOT_SURE,OVER_A_YEAR,41,93,49,42,50,92,46,57,75,54,39,59,HIGH
SYN-00744,casual_sharer,PUBLIC,YES,YES,NO,NOT_SURE,YES,NO,NOT_SURE,YES,FRIENDS,SOMETIMES,NO,ALWAYS,NOT_SURE,SOMETIMES,NO,NOT_SURE,NO,SOMETIMES,SOMETIMES,OVER_A_YEAR,82,70,50,48,78,64,41,59,76,61,42,62,HIGH
SYN-00745,oversharer,PUBLIC,YES,YES,YES,YES,NOT_SURE,YES,YES,YES,PUBLIC,OFTEN,NOT_SURE,OFTEN,NOT_SURE,NO,NO,NOT_SURE,YES,NO,NOT_SURE,OVER_A_YEAR,93,100,80,69,78,55,92,95,79,62,50,83,CRITICAL
SYN-00746,privacy_conscious,FRIENDS,NO,NO,NO,NO,NO,NO,NOT_SURE,NO,FRIENDS,NEVER,SOMETIMES,OFTEN,YES,SOMETIMES,YES,YES,NO,YES,YES,OVER_A_YEAR,33,4,28,47,41,0,6,36,19,22,17,23,MODERATE
SYN-00747,privacy_conscious,FRIENDS,NO,NO,NO,NO,NO,NO,NO,NO,PRIVATE,SOMETIMES,NO,SOMETIMES,YES,SOMETIMES,YES,YES,NO,YES,YES,WITHIN_3_MONTHS,27,0,6,0,15,0,0,28,0,0,3,6,LOW
SYN-00748,average_user,FRIENDS,NO,NO,NOT_SURE,NO,SOMETIMES,NO,NOT_SURE,NO,FRIENDS,SOMETIMES,SOMETIMES,NEVER,NOT_SURE,NOT_SURE,NOT_SURE,YES,NO,SOMETIMES,SOMETIMES,WITHIN_3_MONTHS,52,14,37,61,13,53,23,65,54,44,29,37,MODERATE
SYN-00749,average_user,PRIVATE,NO,NO,NOT_SURE,NOT_SURE,SOMETIMES,NO,NO,NO,NOT_SURE,SOMETIMES,NOT_SURE,NEVER,YES,YES,NOT_SURE,NO,YES,YES,YES,OVER_A_YEAR,7,10,43,27,53,33,80,17,13,22,20,34,MODERATE
SYN-00750,average_user,PRIVATE,NOT_SURE,NOT_SURE,NOT_SURE,NOT_SURE,SOMETIMES,NO,NOT_SURE,NOT_SURE,FRIENDS,NEVER,NO,SOMETIMES,YES,SOMETIMES,YES,NO,NOT_SURE,NOT_SURE,YES,WITHIN_YEAR,31,54,33,55,28,27,36,26,24,13,23,36,MODERATE
SYN-00751,privacy_conscious,FRIENDS,NO,NO,NO,NO,NO,NO,NO,NO,FRIENDS,SOMETIMES,NO,OFTEN,YES,YES,YES,YES,NOT_SURE,SOMETIMES,YES,WITHIN_YEAR,13,0,12,31,28,0,32,0,39,13,9,18,LOW
SYN-00752,average_user,PUBLIC,NOT_SURE,NOT_SURE,NOT_SURE,NO,NOT_SURE,NOT_SURE,YES,NOT_SURE,FRIENDS,OFTEN,NOT_SURE,OFTEN,YES,NOT_SURE,NOT_SURE,NO,YES,YES,SOMETIMES,WITHIN_YEAR,89,63,61,49,56,24,65,58,11,33,34,55,HIGH
SYN-00753,average_user,NOT_SURE,NO,NOT_SURE,NO,NO,NO,NOT_SURE,NO,NO,PRIVATE,SOMETIMES,NO,NEVER,YES,SOMETIMES,YES,YES,NO,SOMETIMES,SOMETIMES,WITHIN_YEAR,47,27,19,45,22,0,8,36,46,30,22,27,MODERATE
SYN-00754,casual_sharer,FRIENDS,NO,NOT_SURE,NO,NO,SOMETIMES,NO,NOT_SURE,NO,PUBLIC,SOMETIMES,SOMETIMES,OFTEN,NO,NOT_SURE,NOT_SURE,NOT_SURE,NO,SOMETIMES,YES,WITHIN_3_MONTHS,80,12,50,92,77,92,54,75,58,35,40,58,HIGH
SYN-00755,average_user,FRIENDS,NO,NO,NO,NO,NO,NO,NO,NO,PRIVATE,NEVER,SOMETIMES,SOMETIMES,YES,NO,YES,YES,NO,YES,SOMETIMES,WITHIN_3_MONTHS,52,0,15,21,34,0,0,86,36,17,14,22,MODERATE
SYN-00756,casual_sharer,FRIENDS,NOT_SURE,YES,NOT_SURE,YES,SOMETIMES,YES,NOT_SURE,YES,PUBLIC,ALWAYS,NO,OFTEN,NO,SOMETIMES,NO,NOT_SURE,NOT_SURE,SOMETIMES,SOMETIMES,WITHIN_YEAR,64,74,56,71,81,89,68,57,58,30,43,66,HIGH
SYN-00757,average_user,NOT_SURE,YES,NOT_SURE,YES,NO,SOMETIMES,YES,NO,YES,FRIENDS,SOMETIMES,SOMETIMES,SOMETIMES,NO,SOMETIMES,YES,NOT_SURE,NO,SOMETIMES,YES,WITHIN_YEAR,33,88,45,64,42,40,20,28,67,22,28,48,HIGH
SYN-00758,casual_sharer,FRIENDS,NO,YES,NO,NOT_SURE,SOMETIMES,YES,NOT_SURE,NOT_SURE,PUBLIC,ALWAYS,NOT_SURE,OFTEN,NO,SOMETIMES,NO,NO,NOT_SURE,SOMETIMES,SOMETIMES,OVER_A_YEAR,42,55,64,79,67,76,83,60,19,57,41,61,HIGH
SYN-00759,average_user,PRIVATE,YES,NO,NO,NOT_SURE,SOMETIMES,NO,NO,NO,FRIENDS,OFTEN,SOMETIMES,SOMETIMES,NOT_SURE,SOMETIMES,YES,YES,NO,NOT_SURE,YES,WITHIN_YEAR,0,21,46,36,28,28,6,36,22,7,13,23,MODERATE
SYN-00760,average_user,PUBLIC,YES,YES,NO,NOT_SURE,SOMETIMES,YES,NOT_SURE,YES,FRIENDS,SOMETIMES,SOMETIMES,SOMETIMES,YES,SOMETIMES,NO,NO,NO,SOMETIMES,SOMETIMES,WITHIN_YEAR,86,72,50,39,24,0,48,26,59,30,29,49,HIGH
SYN-00761,casual_sharer,FRIENDS,YES,NO,NO,YES,YES,NOT_SURE,NO,YES,FRIENDS,SOMETIMES,SOMETIMES,OFTEN,NOT_SURE,NOT_SURE,NO,NO,YES,SOMETIMES,SOMETIMES,OVER_A_YEAR,43,58,60,59,91,75,90,43,46,55,39,64,HIGH
SYN-00762,average_user,FRIENDS,NOT_SURE,NO,NO,YES,NOT_SURE,NO,NO,NOT_SURE,NOT_SURE,OFTEN,NO,SOMETIMES,NOT_SURE,SOMETIMES,YES,YES,NO,NOT_SURE,SOMETIMES,WITHIN_YEAR,31,19,58,44,15,28,6,52,51,30,23,32,MODERATE
SYN-00763,casual_sharer,NOT_SURE,YES,YES,YES,YES,SOMETIMES,YES,YES,YES,FRIENDS,OFTEN,SOMETIMES,SOMETIMES,NOT_SURE,NOT_SURE,NO,NO,YES,NOT_SURE,NO,OVER_A_YEAR,57,100,67,46,59,40,93,89,74,77,44,73,CRITICAL
SYN-00764,average_user,FRIENDS,YES,YES,YES,NO,SOMETIMES,NOT_SURE,YES,YES,FRIENDS,SOMETIMES,SOMETIMES,OFTEN,YES,SOMETIMES,NO,NO,YES,SOMETIMES,SOMETIMES,OVER_A_YEAR,20,96,40,33,78,36,72,77,33,51,34,56,HIGH
SYN-00765,privacy_conscious,PRIVATE,NO,NO,NO,NO,NO,NO,NO,NO,PRIVATE,NEVER,NO,ALWAYS,NOT_SURE,SOMETIMES,NOT_SURE,YES,NO,SOMETIMES,YES,WITHIN_YEAR,0,12,6,0,72,56,17,33,20,7,12,19,LOW
SYN-00766,average_user,FRIENDS,NO,NOT_SURE,NOT_SURE,YES,SOMETIMES,YES,YES,NO,PRIVATE,SOMETIMES,SOMETIMES,SOMETIMES,NOT_SURE,YES,NOT_SURE,YES,NO,SOMETIMES,YES,WITHIN_YEAR,33,36,56,17,56,53,35,8,51,38,27,40,MODERATE
SYN-00767,casual_sharer,PUBLIC,YES,NOT_SURE,NOT_SURE,NO,NO,NO,NOT_SURE,NO,FRIENDS,NEVER,NO,SOMETIMES,NOT_SURE,NO,NOT_SURE,NO,NO,YES,YES,WITHIN_YEAR,80,43,19,49,56,64,53,95,30,12,32,47,HIGH
SYN-00768,privacy_conscious,PRIVATE,NOT_SURE,YES,NO,YES,NOT_SURE,YES,NOT_SURE,NOT_SURE,PRIVATE,ALWAYS,NO,SOMETIMES,YES,YES,YES,YES,NO,YES,YES,WITHIN_3_MONTHS,13,47,49,9,46,0,0,17,12,5,15,24,MODERATE
SYN-00769,oversharer,FRIENDS,NOT_SURE,YES,NOT_SURE,YES,YES,NOT_SURE,NOT_SURE,YES,PUBLIC,ALWAYS,YES,OFTEN,YES,NO,NO,NO,NOT_SURE,NO,NOT_SURE,OVER_A_YEAR,62,78,89,85,63,29,87,100,81,50,47,76,CRITICAL
SYN-00770,privacy_conscious,PRIVATE,NO,NO,NO,NOT_SURE,SOMETIMES,NO,NOT_SURE,NO,FRIENDS,SOMETIMES,NOT_SURE,SOMETIMES,YES,NOT_SURE,YES,YES,NO,SOMETIMES,YES,WITHIN_3_MONTHS,10,17,44,52,15,12,6,43,23,6,17,23,MODERATE
SYN-00771,casual_sharer,FRIENDS,YES,YES,NOT_SURE,NOT_SURE,YES,NO,NOT_SURE,YES,NOT_SURE,ALWAYS,NOT_SURE,ALWAYS,NO,SOMETIMES,NOT_SURE,NOT_SURE,NOT_SURE,SOMETIMES,SOMETIMES,WITHIN_3_MONTHS,20,72,77,64,82,81,71,67,63,27,44,65,HIGH
SYN-00772,oversharer,FRIENDS,NOT_SURE,YES,YES,YES,NOT_SURE,YES,YES,YES,FRIENDS,SOMETIMES,SOMETIMES,OFTEN,NO,SOMETIMES,NOT_SURE,NO,NOT_SURE,SOMETIMES,SOMETIMES,OVER_A_YEAR,60,83,69,61,72,95,80,67,77,55,49,73,CRITICAL
SYN-00773,oversharer,FRIENDS,YES,YES,YES,YES,YES,YES,YES,YES,PUBLIC,ALWAYS,YES,ALWAYS,NO,NO,NO,NO,YES,NOT_SURE,NO,OVER_A_YEAR,80,100,91,84,100,89,96,100,90,88,51,92,CRITICAL
SYN-00774,oversharer,FRIENDS,YES,NOT_SURE,YES,YES,SOMETIMES,NOT_SURE,YES,YES,FRIENDS,OFTEN,NOT_SURE,OFTEN,NO,SOMETIMES,NO,NOT_SURE,YES,SOMETIMES,SOMETIMES,NEVER,70,90,67,65,91,95,89,72,53,77,47,77,CRITICAL
SYN-00775,average_user,FRIENDS,NOT_SURE,NO,NOT_SURE,NOT_SURE,SOMETIMES,NO,NO,NO,PRIVATE,ALWAYS,SOMETIMES,SOMETIMES,NOT_SURE,SOMETIMES,YES,NO,NOT_SURE,YES,YES,WITHIN_YEAR,37,23,57,0,37,52,45,33,21,13,21,33,MODERATE
SYN-00776,average_user,FRIENDS,NOT_SURE,NOT_SURE,YES,NO,SOMETIMES,YES,NO,NO,FRIENDS,SOMETIMES,SOMETIMES,SOMETIMES,NO,SOMETIMES,YES,YES,NO,SOMETIMES,YES,WITHIN_3_MONTHS,33,69,45,32,24,56,30,36,19,16,23,38,MODERATE
SYN-00777,privacy_conscious,NOT_SURE,NO,NO,NO,NO,NO,NO,NO,NO,PRIVATE,SOMETIMES,NO,NEVER,YES,SOMETIMES,NOT_SURE,NOT_SURE,YES,NOT_SURE,YES,WITHIN_YEAR,20,0,6,18,9,0,52,52,35,7,13,20,LOW
SYN-00778,casual_sharer,PRIVATE,YES,YES,YES,NOT_SURE,SOMETIMES,YES,YES,YES,PRIVATE,OFTEN,SOMETIMES,OFTEN,NO,SOMETIMES,NOT_SURE,NOT_SURE,YES,SOMETIMES,YES,NEVER,38,92,66,42,81,87,60,67,50,39,42,63,HIGH
SYN-00779,casual_sharer,PUBLIC,YES,YES,NO,YES,YES,NO,YES,NOT_SURE,PUBLIC,OFTEN,NOT_SURE,OFTEN,NO,SOMETIMES,NO,NO,NOT_SURE,NOT_SURE,SOMETIMES,WITHIN_YEAR,80,60,89,92,63,80,71,44,70,60,44,73,CRITICAL
SYN-00780,average_user,PRIVATE,NOT_SURE,NOT_SURE,NOT_SURE,NOT_SURE,YES,YES,YES,YES,PRIVATE,NEVER,NOT_SURE,SOMETIMES,NO,NOT_SURE,YES,YES,NOT_SURE,SOMETIMES,SOMETIMES,WITHIN_YEAR,23,79,56,0,61,95,37,68,38,63,35,49,HIGH
SYN-00781,average_user,PRIVATE,NO,NO,NOT_SURE,YES,SOMETIMES,NO,NO,NO,PRIVATE,SOMETIMES,SOMETIMES,NEVER,NO,YES,NO,NOT_SURE,NO,SOMETIMES,SOMETIMES,WITHIN_YEAR,7,10,60,8,46,40,44,25,65,64,27,36,MODERATE
SYN-00782,privacy_conscious,PRIVATE,NO,NO,NO,NO,SOMETIMES,NO,NO,NO,FRIENDS,SOMETIMES,NO,NEVER,YES,YES,YES,YES,NO,SOMETIMES,SOMETIMES,WITHIN_YEAR,7,0,17,47,26,8,6,0,38,19,13,17,LOW
SYN-00783,privacy_conscious,FRIENDS,NOT_SURE,NO,NO,NO,NO,NOT_SURE,NO,NO,PRIVATE,NEVER,NO,NEVER,YES,YES,YES,YES,NO,YES,YES,WITHIN_3_MONTHS,13,19,0,8,9,0,6,0,6,6,5,8,LOW
SYN-00784,average_user,NOT_SURE,NO,NOT_SURE,NOT_SURE,NOT_SURE,NOT_SURE,NOT_SURE,NO,NOT_SURE,FRIENDS,NEVER,NO,OFTEN,NOT_SURE,YES,NO,YES,NO,NO,NOT_SURE,OVER_A_YEAR,51,31,22,28,54,80,42,8,49,77,29,41,HIGH
SYN-00785,casual_sharer,NOT_SURE,YES,YES,NOT_SURE,YES,NOT_SURE,NOT_SURE,YES,NOT_SURE,FRIENDS,OFTEN,SOMETIMES,OFTEN,NOT_SURE,SOMETIMES,NO,NOT_SURE,YES,YES,SOMETIMES,OVER_A_YEAR,59,85,69,63,72,41,86,60,34,61,42,67,HIGH
SYN-00786,casual_sharer,NOT_SURE,YES,NOT_SURE,YES,YES,YES,YES,YES,YES,NOT_SURE,ALWAYS,YES,ALWAYS,NOT_SURE,SOMETIMES,NO,NO,NO,SOMETIMES,YES,OVER_A_YEAR,27,94,93,83,100,64,72,59,62,55,45,75,CRITICAL
SYN-00787,privacy_conscious,PRIVATE,NO,NO,NO,NO,SOMETIMES,NO,NO,NO,FRIENDS,NEVER,NO,OFTEN,NOT_SURE,SOMETIMES,YES,NOT_SURE,NOT_SURE,NO,SOMETIMES,OVER_A_YEAR,7,12,11,23,72,28,40,51,73,34,22,33,MODERATE
SYN-00788,average_user,PRIVATE,NO,YES,NOT_SURE,NO,NO,YES,NO,NO,PRIVATE,NEVER,NO,SOMETIMES,YES,SOMETIMES,NO,NO,NOT_SURE,SOMETIMES,SOMETIMES,OVER_A_YEAR,27,34,9,28,46,0,84,57,63,51,29,41,HIGH
SYN-00789,casual_sharer,PUBLIC,YES,YES,NO,YES,YES,YES,NOT_SURE,YES,PUBLIC,ALWAYS,SOMETIMES,OFTEN,NO,SOMETIMES,NOT_SURE,NOT_SURE,NO,NO,SOMETIMES,OVER_A_YEAR,73,80,80,55,69,92,54,57,89,64,48,71,CRITICAL
SYN-00790,privacy_conscious,FRIENDS,NO,NO,NO,NO,YES,NO,NOT_SURE,NO,NOT_SURE,SOMETIMES,YES,NEVER,YES,SOMETIMES,YES,YES,NO,YES,SOMETIMES,WITHIN_YEAR,27,4,60,37,9,29,0,42,0,19,15,21,MODERATE
SYN-00791,average_user,PRIVATE,YES,NO,NOT_SURE,NOT_SURE,NO,YES,NO,NO,FRIENDS,SOMETIMES,SOMETIMES,SOMETIMES,NO,NOT_SURE,YES,NOT_SURE,NO,SOMETIMES,YES,OVER_A_YEAR,7,41,24,39,37,76,20,52,63,61,28,37,MODERATE
SYN-00792,average_user,NOT_SURE,NO,NOT_SURE,NO,YES,SOMETIMES,NO,NOT_SURE,NO,NOT_SURE,OFTEN,SOMETIMES,OFTEN,YES,NOT_SURE,YES,YES,NO,SOMETIMES,YES,WITHIN_YEAR,57,25,67,19,54,24,8,41,42,43,27,38,MODERATE
SYN-00793,casual_sharer,FRIENDS,NO,YES,NO,NO,YES,NOT_SURE,NOT_SURE,NOT_SURE,PUBLIC,OFTEN,NOT_SURE,ALWAYS,NOT_SURE,SOMETIMES,NO,NOT_SURE,NO,NOT_SURE,SOMETIMES,NEVER,20,30,63,66,87,69,50,67,61,66,39,55,HIGH
SYN-00794,privacy_conscious,PRIVATE,NO,NO,NO,NO,NO,NO,NO,NO,FRIENDS,SOMETIMES,SOMETIMES,NEVER,YES,YES,YES,YES,NO,SOMETIMES,SOMETIMES,OVER_A_YEAR,10,0,36,13,13,20,0,0,22,49,11,15,LOW
SYN-00795,casual_sharer,PUBLIC,YES,NOT_SURE,YES,NOT_SURE,SOMETIMES,YES,YES,YES,PUBLIC,OFTEN,SOMETIMES,SOMETIMES,YES,SOMETIMES,YES,NOT_SURE,NOT_SURE,NOT_SURE,SOMETIMES,OVER_A_YEAR,79,94,54,78,38,44,38,77,71,67,45,64,HIGH
SYN-00796,average_user,PRIVATE,NO,NOT_SURE,NO,NO,SOMETIMES,NOT_SURE,NO,NO,FRIENDS,SOMETIMES,SOMETIMES,NEVER,YES,SOMETIMES,YES,YES,NO,YES,SOMETIMES,WITHIN_YEAR,17,14,46,52,22,16,6,41,51,30,23,28,MODERATE
SYN-00797,privacy_conscious,FRIENDS,NO,NOT_SURE,NO,NO,SOMETIMES,NO,NO,NO,PRIVATE,SOMETIMES,NO,SOMETIMES,YES,YES,YES,YES,NO,YES,YES,OVER_A_YEAR,24,8,24,8,37,0,6,17,0,17,10,14,LOW
SYN-00798,average_user,PRIVATE,YES,NOT_SURE,NOT_SURE,NOT_SURE,NOT_SURE,NO,NO,NOT_SURE,FRIENDS,NEVER,YES,ALWAYS,NO,SOMETIMES,NO,NO,NO,NO,YES,WITHIN_YEAR,46,58,61,66,63,40,66,47,46,40,34,56,HIGH
SYN-00799,casual_sharer,PUBLIC,YES,YES,YES,YES,NOT_SURE,YES,YES,YES,FRIENDS,ALWAYS,YES,OFTEN,NO,SOMETIMES,NO,NO,YES,SOMETIMES,NOT_SURE,WITHIN_YEAR,93,100,75,56,63,81,96,67,77,54,49,80,CRITICAL
SYN-00800,average_user,FRIENDS,NOT_SURE,YES,NOT_SURE,NOT_SURE,SOMETIMES,YES,YES,YES,FRIENDS,ALWAYS,SOMETIMES,SOMETIMES,NOT_SURE,YES,NO,NOT_SURE,YES,SOMETIMES,NO,OVER_A_YEAR,42,85,70,67,56,53,95,14,58,63,41,66,HIGH
SYN-00801,oversharer,PUBLIC,YES,NOT_SURE,YES,YES,YES,NO,YES,YES,PUBLIC,SOMETIMES,YES,OFTEN,NOT_SURE,SOMETIMES,NO,NO,NOT_SURE,NO,NO,OVER_A_YEAR,100,84,87,86,85,80,90,62,78,81,47,85,CRITICAL
SYN-00802,average_user,FRIENDS,NO,NO,NO,NOT_SURE,NO,NO,NOT_SURE,NO,FRIENDS,NEVER,SOMETIMES,NEVER,NO,YES,YES,YES,NOT_SURE,SOMETIMES,YES,OVER_A_YEAR,57,4,24,51,9,81,14,23,47,33,25,30,MODERATE
SYN-00803,average_user,NOT_SURE,NO,NO,NO,YES,NOT_SURE,NO,NO,NO,FRIENDS,SOMETIMES,NOT_SURE,SOMETIMES,NO,SOMETIMES,YES,NOT_SURE,NO,YES,SOMETIMES,OVER_A_YEAR,43,0,59,36,56,100,29,72,22,65,30,41,HIGH
SYN-00804,casual_sharer,NOT_SURE,YES,NOT_SURE,YES,NOT_SURE,YES,YES,NOT_SURE,NOT_SURE,FRIENDS,OFTEN,SOMETIMES,SOMETIMES,NO,NOT_SURE,NOT_SURE,NOT_SURE,YES,SOMETIMES,SOMETIMES,WITHIN_YEAR,48,79,51,51,65,100,78,50,56,36,39,62,HIGH
SYN-00805,oversharer,FRIENDS,YES,YES,NOT_SURE,YES,YES,YES,NOT_SURE,YES,PUBLIC,ALWAYS,YES,ALWAYS,NO,SOMETIMES,NOT_SURE,NO,YES,SOMETIMES,NO,WITHIN_YEAR,40,90,84,92,60,76,87,57,63,80,45,75,CRITICAL
SYN-00806,average_user,PRIVATE,YES,NO,NOT_SURE,NO,NOT_SURE,NO,NO,NOT_SURE,PUBLIC,OFTEN,SOMETIMES,SOMETIMES,NO,YES,YES,YES,NO,SOMETIMES,SOMETIMES,WITHIN_3_MONTHS,20,37,47,54,41,100,0,34,58,42,27,39,MODERATE
SYN-00807,privacy_conscious,PRIVATE,NO,NO,NO,NO,SOMETIMES,NO,NO,NO,PRIVATE,SOMETIMES,SOMETIMES,SOMETIMES,YES,YES,YES,YES,NO,YES,YES,WITHIN_YEAR,7,0,40,11,15,0,0,0,0,13,4,10,LOW
SYN-00808,oversharer,PUBLIC,YES,YES,YES,YES,NOT_SURE,YES,NOT_SURE,NOT_SURE,PUBLIC,ALWAYS,NOT_SURE,SOMETIMES,NOT_SURE,NO,YES,YES,NO,SOMETIMES,NO,NEVER,77,93,73,100,62,88,8,95,52,100,44,69,HIGH
SYN-00809,privacy_conscious,FRIENDS,NO,NO,NO,NO,NO,NOT_SURE,NO,NO,FRIENDS,NEVER,NO,SOMETIMES,NO,SOMETIMES,YES,YES,NO,SOMETIMES,SOMETIMES,OVER_A_YEAR,13,27,13,35,15,40,0,36,13,47,13,20,LOW
SYN-00810,casual_sharer,FRIENDS,YES,NOT_SURE,NOT_SURE,NO,SOMETIMES,NOT_SURE,NO,YES,FRIENDS,ALWAYS,SOMETIMES,OFTEN,NO,SOMETIMES,NO,NOT_SURE,YES,NOT_SURE,SOMETIMES,WITHIN_YEAR,73,68,50,75,72,81,89,43,61,49,42,68,HIGH
SYN-00811,privacy_conscious,PRIVATE,NO,NO,NO,NO,SOMETIMES,NO,NO,NO,FRIENDS,SOMETIMES,SOMETIMES,NEVER,NO,SOMETIMES,YES,YES,NO,YES,YES,OVER_A_YEAR,7,0,40,28,22,79,0,34,30,17,16,21,MODERATE
SYN-00812,casual_sharer,PUBLIC,NOT_SURE,NOT_SURE,NOT_SURE,NOT_SURE,NOT_SURE,NOT_SURE,NOT_SURE,NO,FRIENDS,SOMETIMES,SOMETIMES,SOMETIMES,NOT_SURE,YES,NO,NOT_SURE,NOT_SURE,SOMETIMES,SOMETIMES,OVER_A_YEAR,84,62,43,49,42,36,80,17,76,55,40,58,HIGH
SYN-00813,casual_sharer,NOT_SURE,YES,YES,YES,YES,SOMETIMES,YES,YES,NOT_SURE,FRIENDS,SOMETIMES,NOT_SURE,ALWAYS,NO,NO,NO,NOT_SURE,YES,NO,SOMETIMES,NEVER,77,96,50,51,94,92,89,76,96,69,48,79,CRITICAL
SYN-00814,average_user,FRIENDS,NO,NOT_SURE,NO,NO,NOT_SURE,NOT_SURE,NO,NOT_SURE,PUBLIC,NEVER,SOMETIMES,NEVER,NOT_SURE,SOMETIMES,NOT_SURE,NO,YES,NOT_SURE,NOT_SURE,OVER_A_YEAR,40,21,37,69,39,75,89,36,29,56,34,48,HIGH
SYN-00815,casual_sharer,PRIVATE,YES,YES,YES,NO,SOMETIMES,YES,YES,YES,PUBLIC,SOMETIMES,NO,ALWAYS,NOT_SURE,NOT_SURE,NOT_SURE,NO,NOT_SURE,NO,NOT_SURE,WITHIN_YEAR,53,100,24,77,63,72,53,75,71,41,40,62,HIGH
SYN-00816,average_user,PUBLIC,NO,NO,NOT_SURE,NO,SOMETIMES,NO,YES,NOT_SURE,FRIENDS,OFTEN,SOMETIMES,NEVER,NO,SOMETIMES,NOT_SURE,YES,YES,YES,SOMETIMES,OVER_A_YEAR,87,36,46,33,22,40,41,36,23,46,27,41,HIGH
SYN-00817,average_user,PRIVATE,NOT_SURE,NOT_SURE,NOT_SURE,NO,NOT_SURE,NOT_SURE,YES,NO,PUBLIC,SOMETIMES,SOMETIMES,OFTEN,NO,YES,YES,YES,NO,SOMETIMES,SOMETIMES,WITHIN_YEAR,37,57,42,66,54,69,8,32,44,59,33,44,HIGH
SYN-00818,privacy_conscious,PRIVATE,NO,NO,NO,NO,NO,NO,NO,NO,FRIENDS,NEVER,SOMETIMES,SOMETIMES,YES,YES,NOT_SURE,YES,NO,YES,SOMETIMES,WITHIN_3_MONTHS,7,0,9,25,15,0,17,0,6,12,5,10,LOW
SYN-00819,privacy_conscious,PRIVATE,NO,NO,NO,NO,SOMETIMES,NO,NO,NO,PRIVATE,NEVER,NO,SOMETIMES,YES,YES,YES,YES,NO,SOMETIMES,SOMETIMES,WITHIN_YEAR,0,0,11,8,37,0,6,9,8,42,10,10,LOW
SYN-00820,average_user,PRIVATE,NOT_SURE,NO,NO,NOT_SURE,SOMETIMES,NOT_SURE,NO,NO,PUBLIC,OFTEN,NO,SOMETIMES,YES,YES,YES,YES,NO,NOT_SURE,NO,OVER_A_YEAR,0,19,61,74,46,44,6,19,78,61,27,39,MODERATE
SYN-00821,average_user,PRIVATE,NOT_SURE,YES,NOT_SURE,NO,NO,NO,NOT_SURE,NOT_SURE,PUBLIC,NEVER,SOMETIMES,SOMETIMES,YES,YES,YES,YES,NO,SOMETIMES,YES,WITHIN_3_MONTHS,7,47,23,84,24,0,0,17,50,10,19,28,MODERATE
SYN-00822,casual_sharer,PRIVATE,NO,YES,NOT_SURE,YES,SOMETIMES,NOT_SURE,YES,YES,PRIVATE,OFTEN,SOMETIMES,OFTEN,NOT_SURE,NO,YES,NO,NO,YES,SOMETIMES,OVER_A_YEAR,13,68,60,8,69,75,24,86,5,58,31,43,HIGH
SYN-00823,casual_sharer,PRIVATE,NO,YES,NOT_SURE,NOT_SURE,SOMETIMES,NO,NO,NO,PUBLIC,OFTEN,SOMETIMES,SOMETIMES,NO,NOT_SURE,NOT_SURE,NO,NOT_SURE,NO,NOT_SURE,NEVER,67,24,61,100,62,87,68,75,79,85,42,66,HIGH
SYN-00824,oversharer,PUBLIC,YES,YES,YES,YES,YES,YES,YES,NOT_SURE,FRIENDS,OFTEN,YES,ALWAYS,NOT_SURE,SOMETIMES,NO,NOT_SURE,YES,NOT_SURE,NO,NEVER,100,96,96,66,92,77,95,81,91,95,52,91,CRITICAL
SYN-00825,average_user,FRIENDS,NO,NO,NO,NO,SOMETIMES,NO,NOT_SURE,NO,FRIENDS,OFTEN,NO,NEVER,YES,SOMETIMES,YES,YES,NO,SOMETIMES,NOT_SURE,NEVER,13,17,36,36,9,29,6,26,26,46,17,22,MODERATE
SYN-00826,average_user,NOT_SURE,YES,NOT_SURE,NOT_SURE,NO,NO,NOT_SURE,NOT_SURE,NOT_SURE,PRIVATE,SOMETIMES,NO,SOMETIMES,NOT_SURE,SOMETIMES,NOT_SURE,YES,NO,NO,SOMETIMES,OVER_A_YEAR,47,77,12,35,72,40,35,70,75,47,33,49,HIGH
SYN-00827,privacy_conscious,PRIVATE,NO,NO,NO,NO,NO,NO,NO,NO,PRIVATE,SOMETIMES,NO,NEVER,YES,SOMETIMES,YES,YES,NO,YES,YES,WITHIN_YEAR,0,12,12,0,0,0,0,28,0,19,4,6,LOW
SYN-00828,average_user,PRIVATE,NO,NOT_SURE,NO,YES,SOMETIMES,NO,NOT_SURE,NO,PUBLIC,OFTEN,SOMETIMES,OFTEN,YES,SOMETIMES,NO,NOT_SURE,NO,SOMETIMES,SOMETIMES,OVER_A_YEAR,23,33,70,60,72,12,35,36,57,55,32,47,HIGH
SYN-00829,average_user,FRIENDS,NO,NO,NOT_SURE,NOT_SURE,NO,NO,NOT_SURE,NO,FRIENDS,SOMETIMES,NO,OFTEN,YES,NOT_SURE,YES,NOT_SURE,NOT_SURE,YES,NOT_SURE,WITHIN_3_MONTHS,57,14,21,38,76,12,40,34,14,21,22,33,MODERATE
SYN-00830,casual_sharer,FRIENDS,NO,NO,NOT_SURE,NOT_SURE,NOT_SURE,NO,YES,NOT_SURE,PUBLIC,OFTEN,NOT_SURE,NEVER,NO,SOMETIMES,NOT_SURE,YES,NO,SOMETIMES,SOMETIMES,OVER_A_YEAR,44,23,65,94,22,68,23,36,67,66,34,48,HIGH
SYN-00831,privacy_conscious,NOT_SURE,NO,NO,NO,YES,SOMETIMES,NO,NO,NO,PRIVATE,SOMETIMES,SOMETIMES,NEVER,YES,YES,YES,NOT_SURE,NO,SOMETIMES,SOMETIMES,WITHIN_3_MONTHS,27,0,54,9,9,12,26,11,26,12,14,21,MODERATE
SYN-00832,average_user,FRIENDS,NOT_SURE,YES,YES,NO,SOMETIMES,NOT_SURE,YES,NOT_SURE,PRIVATE,SOMETIMES,SOMETIMES,ALWAYS,NOT_SURE,SOMETIMES,NO,NOT_SURE,YES,SOMETIMES,SOMETIMES,NEVER,30,75,32,20,72,64,89,38,34,61,35,53,HIGH
SYN-00833,casual_sharer,PRIVATE,NO,YES,NOT_SURE,NO,SOMETIMES,NO,NOT_SURE,NO,FRIENDS,SOMETIMES,NOT_SURE,SOMETIMES,YES,SOMETIMES,NOT_SURE,NO,YES,NOT_SURE,YES,NEVER,10,41,41,65,70,0,75,28,38,40,28,45,HIGH
SYN-00834,casual_sharer,FRIENDS,YES,NOT_SURE,NOT_SURE,YES,SOMETIMES,YES,YES,YES,FRIENDS,ALWAYS,YES,OFTEN,NOT_SURE,NO,NO,NO,NOT_SURE,SOMETIMES,SOMETIMES,NEVER,30,67,85,51,76,80,84,95,70,80,47,71,CRITICAL
SYN-00835,average_user,PRIVATE,NO,NOT_SURE,NOT_SURE,NO,SOMETIMES,NOT_SURE,NO,YES,FRIENDS,SOMETIMES,SOMETIMES,NEVER,NOT_SURE,SOMETIMES,YES,NOT_SURE,NO,SOMETIMES,NOT_SURE,OVER_A_YEAR,7,48,35,47,22,40,26,36,45,58,29,35,MODERATE
SYN-00836,average_user,FRIENDS,NOT_SURE,NO,NOT_SURE,NOT_SURE,NO,NOT_SURE,NO,NO,PRIVATE,NEVER,YES,SOMETIMES,NO,SOMETIMES,NOT_SURE,YES,NOT_SURE,SOMETIMES,NOT_SURE,NEVER,20,29,46,36,53,65,49,41,35,77,30,42,HIGH
SYN-00837,privacy_conscious,FRIENDS,NO,NO,NO,NO,NO,NOT_SURE,NOT_SURE,NO,FRIENDS,NEVER,NO,NEVER,YES,YES,YES,YES,NO,SOMETIMES,YES,WITHIN_3_MONTHS,43,10,0,13,12,29,0,8,8,6,8,11,LOW
SYN-00838,oversharer,FRIENDS,NO,YES,NOT_SURE,YES,SOMETIMES,NOT_SURE,YES,YES,FRIENDS,ALWAYS,YES,OFTEN,NOT_SURE,SOMETIMES,NO,NO,YES,SOMETIMES,SOMETIMES,NEVER,80,68,80,56,69,75,100,44,67,60,43,73,CRITICAL
SYN-00839,casual_sharer,PUBLIC,NOT_SURE,YES,YES,YES,NOT_SURE,NOT_SURE,NO,YES,FRIENDS,ALWAYS,YES,SOMETIMES,NOT_SURE,NOT_SURE,NO,NO,YES,NO,YES,WITHIN_3_MONTHS,90,72,75,46,46,88,94,74,63,45,41,71,CRITICAL
SYN-00840,casual_sharer,PUBLIC,NOT_SURE,NO,YES,YES,YES,NO,YES,YES,PUBLIC,OFTEN,YES,ALWAYS,YES,NOT_SURE,NOT_SURE,NOT_SURE,NOT_SURE,NOT_SURE,NOT_SURE,OVER_A_YEAR,40,59,90,74,85,24,71,56,52,72,42,66,HIGH
SYN-00841,privacy_conscious,FRIENDS,NO,NO,NO,NO,SOMETIMES,NO,NO,NO,PRIVATE,NEVER,NO,NEVER,NOT_SURE,SOMETIMES,YES,YES,NO,SOMETIMES,SOMETIMES,OVER_A_YEAR,23,0,17,8,0,28,0,28,19,67,13,14,LOW
SYN-00842,oversharer,FRIENDS,YES,YES,NOT_SURE,YES,YES,NOT_SURE,NOT_SURE,NOT_SURE,PUBLIC,OFTEN,SOMETIMES,OFTEN,NO,NO,NO,NOT_SURE,NOT_SURE,NOT_SURE,NO,OVER_A_YEAR,69,74,76,87,63,100,82,82,76,85,52,78,CRITICAL
SYN-00843,privacy_conscious,FRIENDS,NO,NO,NO,NO,NO,NOT_SURE,NO,NO,PRIVATE,NEVER,NO,NEVER,YES,YES,YES,YES,NO,YES,YES,WITHIN_3_MONTHS,13,6,6,0,12,0,6,14,0,6,4,6,LOW
SYN-00844,average_user,PUBLIC,NO,NO,NO,NOT_SURE,NOT_SURE,NO,NO,NO,NOT_SURE,OFTEN,YES,SOMETIMES,NO,YES,NOT_SURE,YES,NO,SOMETIMES,SOMETIMES,OVER_A_YEAR,90,21,76,53,24,81,23,9,73,55,34,49,HIGH
SYN-00845,average_user,PRIVATE,YES,NO,NOT_SURE,NO,SOMETIMES,NOT_SURE,YES,YES,PRIVATE,SOMETIMES,YES,SOMETIMES,NO,SOMETIMES,NOT_SURE,NOT_SURE,NO,SOMETIMES,SOMETIMES,OVER_A_YEAR,29,75,49,26,46,56,53,48,55,65,35,51,HIGH
SYN-00846,average_user,PRIVATE,NO,NO,NO,NO,NO,NO,NO,NO,PRIVATE,NEVER,SOMETIMES,NEVER,YES,NOT_SURE,NO,NOT_SURE,YES,YES,NO,WITHIN_3_MONTHS,20,12,24,36,0,25,86,68,11,73,24,33,MODERATE
SYN-00847,average_user,FRIENDS,NO,YES,NOT_SURE,NOT_SURE,NO,NOT_SURE,NOT_SURE,NOT_SURE,FRIENDS,OFTEN,SOMETIMES,SOMETIMES,NOT_SURE,SOMETIMES,YES,YES,NOT_SURE,YES,YES,WITHIN_YEAR,20,53,38,38,68,72,20,26,46,25,28,40,MODERATE
SYN-00848,average_user,FRIENDS,NO,NO,NO,NO,SOMETIMES,NO,NOT_SURE,NO,FRIENDS,NEVER,NOT_SURE,SOMETIMES,NO,SOMETIMES,YES,YES,NOT_SURE,SOMETIMES,YES,WITHIN_YEAR,50,4,30,36,68,60,23,33,71,30,25,37,MODERATE
SYN-00849,average_user,PRIVATE,NO,NOT_SURE,NO,NO,NO,NOT_SURE,NO,NO,FRIENDS,NEVER,SOMETIMES,NEVER,YES,NO,YES,YES,NO,SOMETIMES,NO,OVER_A_YEAR,24,14,9,31,0,20,14,72,27,78,21,22,MODERATE
SYN-00850,average_user,NOT_SURE,YES,YES,YES,NOT_SURE,SOMETIMES,YES,YES,NOT_SURE,FRIENDS,OFTEN,SOMETIMES,OFTEN,YES,NOT_SURE,NO,NO,NOT_SURE,NOT_SURE,NO,OVER_A_YEAR,41,96,46,57,72,27,87,65,75,80,44,67,HIGH
SYN-00851,oversharer,NOT_SURE,YES,NOT_SURE,YES,YES,YES,YES,NO,YES,FRIENDS,ALWAYS,YES,OFTEN,NOT_SURE,NO,NOT_SURE,NO,YES,SOMETIMES,SOMETIMES,NEVER,87,88,96,57,81,88,87,86,77,83,51,84,CRITICAL
SYN-00852,privacy_conscious,FRIENDS,NO,NO,NO,NOT_SURE,NO,NO,NO,NO,FRIENDS,NEVER,SOMETIMES,SOMETIMES,NOT_SURE,YES,YES,YES,NO,SOMETIMES,YES,WITHIN_3_MONTHS,42,0,18,41,28,56,0,0,34,0,13,20,LOW
SYN-00853,privacy_conscious,FRIENDS,NOT_SURE,NO,NO,YES,SOMETIMES,NOT_SURE,NO,NO,PRIVATE,SOMETIMES,SOMETIMES,NEVER,YES,YES,YES,YES,NO,YES,SOMETIMES,WITHIN_3_MONTHS,13,31,54,25,0,0,0,22,31,18,14,22,MODERATE
SYN-00854,privacy_conscious,FRIENDS,NO,NO,NO,NOT_SURE,NO,NO,NO,NO,PRIVATE,SOMETIMES,NO,NEVER,YES,SOMETIMES,YES,YES,NO,YES,YES,WITHIN_YEAR,23,0,15,8,0,0,0,28,18,14,6,9,LOW
SYN-00855,average_user,FRIENDS,NOT_SURE,NO,NO,NOT_SURE,NOT_SURE,NOT_SURE,NOT_SURE,NO,NOT_SURE,NEVER,SOMETIMES,OFTEN,NOT_SURE,YES,NOT_SURE,NO,NOT_SURE,SOMETIMES,NOT_SURE,WITHIN_YEAR,37,23,57,51,72,61,74,8,39,65,35,50,HIGH
SYN-00856,casual_sharer,PUBLIC,NO,NOT_SURE,NO,NO,YES,NO,NO,NO,FRIENDS,OFTEN,YES,ALWAYS,NOT_SURE,SOMETIMES,YES,NO,NOT_SURE,SOMETIMES,SOMETIMES,WITHIN_YEAR,81,21,70,49,91,40,63,67,71,55,38,60,HIGH
SYN-00857,average_user,FRIENDS,NO,NOT_SURE,NO,YES,SOMETIMES,NO,NO,NO,FRIENDS,ALWAYS,YES,OFTEN,YES,SOMETIMES,YES,YES,NOT_SURE,YES,NOT_SURE,WITHIN_YEAR,23,8,80,41,55,39,14,38,23,63,24,36,MODERATE
SYN-00858,average_user,FRIENDS,NOT_SURE,NO,YES,NO,NOT_SURE,YES,NO,NOT_SURE,PUBLIC,OFTEN,NOT_SURE,OFTEN,YES,SOMETIMES,YES,YES,NO,SOMETIMES,SOMETIMES,OVER_A_YEAR,30,59,49,69,63,35,0,67,30,41,29,43,HIGH
SYN-00859,casual_sharer,NOT_SURE,YES,YES,YES,YES,SOMETIMES,YES,YES,NOT_SURE,PUBLIC,SOMETIMES,SOMETIMES,SOMETIMES,YES,SOMETIMES,NOT_SURE,YES,YES,SOMETIMES,SOMETIMES,WITHIN_3_MONTHS,40,88,54,76,72,12,59,42,38,56,36,58,HIGH
SYN-00860,average_user,FRIENDS,NO,NO,NOT_SURE,NO,NO,NOT_SURE,NOT_SURE,YES,PRIVATE,ALWAYS,SOMETIMES,SOMETIMES,NOT_SURE,NOT_SURE,NO,NOT_SURE,NO,SOMETIMES,SOMETIMES,OVER_A_YEAR,13,52,37,21,38,28,50,84,45,56,28,41,HIGH
SYN-00861,average_user,FRIENDS,YES,YES,YES,NO,YES,NO,NOT_SURE,NO,PRIVATE,SOMETIMES,YES,SOMETIMES,NO,SOMETIMES,YES,YES,NO,SOMETIMES,NO,WITHIN_3_MONTHS,73,56,73,44,37,89,0,51,34,61,31,48,HIGH
SYN-00862,casual_sharer,FRIENDS,NO,YES,NOT_SURE,NOT_SURE,SOMETIMES,YES,YES,NO,NOT_SURE,SOMETIMES,NO,OFTEN,NOT_SURE,NO,NO,NO,NOT_SURE,SOMETIMES,NO,OVER_A_YEAR,61,54,37,53,72,56,87,60,71,75,40,62,HIGH
SYN-00863,average_user,FRIENDS,NO,NO,NO,NOT_SURE,SOMETIMES,NO,YES,NO,NOT_SURE,SOMETIMES,SOMETIMES,SOMETIMES,YES,SOMETIMES,NO,NOT_SURE,YES,YES,SOMETIMES,WITHIN_YEAR,76,7,50,53,68,20,88,52,25,30,32,49,HIGH
SYN-00864,average_user,PRIVATE,NO,NOT_SURE,NO,NOT_SURE,YES,NO,NO,YES,FRIENDS,SOMETIMES,NO,OFTEN,NOT_SURE,SOMETIMES,NO,NOT_SURE,NOT_SURE,SOMETIMES,NOT_SURE,NEVER,7,19,59,52,63,40,82,19,31,74,31,46,HIGH
SYN-00865,average_user,FRIENDS,NOT_SURE,NOT_SURE,NOT_SURE,YES,SOMETIMES,YES,NOT_SURE,NO,FRIENDS,ALWAYS,SOMETIMES,OFTEN,NOT_SURE,NOT_SURE,NOT_SURE,NOT_SURE,NOT_SURE,NO,SOMETIMES,OVER_A_YEAR,30,66,69,47,50,48,60,34,84,76,40,58,HIGH
SYN-00866,oversharer,PUBLIC,NOT_SURE,NOT_SURE,YES,YES,YES,NOT_SURE,YES,YES,NOT_SURE,OFTEN,YES,OFTEN,NO,NO,NO,NOT_SURE,NOT_SURE,NO,NOT_SURE,OVER_A_YEAR,93,82,96,55,68,100,78,100,97,79,52,84,CRITICAL
SYN-00867,casual_sharer,PUBLIC,NOT_SURE,NOT_SURE,NO,YES,YES,NOT_SURE,NOT_SURE,NOT_SURE,PUBLIC,OFTEN,YES,ALWAYS,NO,NO,NOT_SURE,NO,NO,NO,NO,NEVER,100,50,93,82,87,95,45,92,75,100,48,77,CRITICAL
SYN-00868,average_user,FRIENDS,NO,NO,NO,YES,NOT_SURE,NO,NO,NO,FRIENDS,ALWAYS,NOT_SURE,OFTEN,NOT_SURE,YES,NO,NOT_SURE,NOT_SURE,SOMETIMES,SOMETIMES,WITHIN_3_MONTHS,54,0,80,36,50,61,72,42,19,12,28,44,HIGH
SYN-00869,oversharer,PUBLIC,YES,YES,YES,YES,YES,YES,YES,YES,PUBLIC,ALWAYS,YES,ALWAYS,NO,NO,NO,NOT_SURE,YES,NO,SOMETIMES,OVER_A_YEAR,84,100,89,89,82,84,92,100,80,76,52,89,CRITICAL
SYN-00870,average_user,FRIENDS,NO,NO,NO,YES,YES,NO,NO,NO,PRIVATE,ALWAYS,NOT_SURE,SOMETIMES,NOT_SURE,YES,YES,NOT_SURE,YES,SOMETIMES,NOT_SURE,WITHIN_YEAR,57,0,89,13,59,56,62,8,28,58,28,44,HIGH
SYN-00871,oversharer,FRIENDS,YES,YES,NOT_SURE,NOT_SURE,SOMETIMES,YES,YES,YES,PUBLIC,OFTEN,SOMETIMES,ALWAYS,NOT_SURE,NOT_SURE,YES,NOT_SURE,YES,SOMETIMES,NO,NEVER,69,93,60,67,72,48,68,65,81,100,50,73,CRITICAL
SYN-00872,average_user,FRIENDS,YES,NOT_SURE,NOT_SURE,NOT_SURE,SOMETIMES,YES,NOT_SURE,NO,FRIENDS,NEVER,NO,NEVER,NO,SOMETIMES,NOT_SURE,NO,YES,SOMETIMES,NOT_SURE,WITHIN_YEAR,23,66,35,42,0,75,82,61,51,60,33,49,HIGH
SYN-00873,oversharer,PUBLIC,NOT_SURE,YES,YES,NOT_SURE,YES,YES,YES,NOT_SURE,PUBLIC,ALWAYS,NOT_SURE,ALWAYS,NO,NOT_SURE,NO,NO,NOT_SURE,NO,SOMETIMES,NEVER,86,79,70,92,78,87,80,84,100,72,50,82,CRITICAL
SYN-00874,oversharer,PUBLIC,YES,YES,NOT_SURE,YES,YES,YES,YES,NOT_SURE,NOT_SURE,OFTEN,SOMETIMES,OFTEN,NOT_SURE,NO,NO,NOT_SURE,YES,NO,NOT_SURE,NEVER,100,81,76,56,67,41,92,71,54,74,46,74,CRITICAL
SYN-00875,oversharer,NOT_SURE,NOT_SURE,YES,NOT_SURE,NOT_SURE,SOMETIMES,YES,YES,NOT_SURE,FRIENDS,OFTEN,NOT_SURE,ALWAYS,NO,NOT_SURE,NOT_SURE,NOT_SURE,YES,NOT_SURE,SOMETIMES,NEVER,61,72,72,51,88,100,82,79,86,67,49,75,CRITICAL
SYN-00876,average_user,PRIVATE,NO,NOT_SURE,NOT_SURE,NOT_SURE,SOMETIMES,NOT_SURE,NOT_SURE,NOT_SURE,FRIENDS,ALWAYS,YES,SOMETIMES,NO,SOMETIMES,NO,NO,NOT_SURE,SOMETIMES,SOMETIMES,WITHIN_YEAR,20,48,76,28,24,100,77,36,30,38,33,49,HIGH
SYN-00877,casual_sharer,NOT_SURE,NO,NO,NO,NOT_SURE,SOMETIMES,NO,NO,NO,FRIENDS,OFTEN,SOMETIMES,ALWAYS,NO,SOMETIMES,YES,NO,YES,NO,SOMETIMES,OVER_A_YEAR,71,0,59,48,78,68,60,61,88,54,40,56,HIGH
SYN-00878,average_user,PRIVATE,NO,NOT_SURE,NOT_SURE,YES,SOMETIMES,NOT_SURE,NOT_SURE,NOT_SURE,FRIENDS,SOMETIMES,SOMETIMES,SOMETIMES,YES,SOMETIMES,NOT_SURE,NO,NOT_SURE,YES,SOMETIMES,NEVER,7,56,54,59,37,0,80,62,31,77,33,49,HIGH
SYN-00879,privacy_conscious,FRIENDS,NO,NO,NO,NO,NO,NO,NO,NO,PRIVATE,SOMETIMES,NO,SOMETIMES,YES,SOMETIMES,YES,YES,NO,SOMETIMES,YES,WITHIN_3_MONTHS,20,0,17,0,24,0,0,36,19,0,5,11,LOW
SYN-00880,casual_sharer,FRIENDS,NOT_SURE,NOT_SURE,NO,YES,NOT_SURE,NOT_SURE,YES,NO,FRIENDS,SOMETIMES,YES,ALWAYS,YES,NO,NOT_SURE,NOT_SURE,NO,NO,NOT_SURE,OVER_A_YEAR,37,54,73,52,85,47,57,95,93,77,43,65,HIGH
SYN-00881,oversharer,NOT_SURE,NOT_SURE,YES,YES,NOT_SURE,SOMETIMES,NOT_SURE,YES,YES,NOT_SURE,OFTEN,NOT_SURE,OFTEN,NOT_SURE,SOMETIMES,NOT_SURE,NOT_SURE,YES,NO,NO,WITHIN_YEAR,80,88,61,77,78,64,82,19,86,73,48,75,CRITICAL
SYN-00882,average_user,FRIENDS,NO,NO,NO,NO,NO,NO,NO,NO,PRIVATE,NEVER,NO,OFTEN,NOT_SURE,SOMETIMES,NOT_SURE,YES,NO,SOMETIMES,SOMETIMES,OVER_A_YEAR,70,0,11,18,50,36,23,44,70,50,24,32,MODERATE
SYN-00883,casual_sharer,FRIENDS,NOT_SURE,YES,NOT_SURE,YES,YES,YES,NO,NOT_SURE,FRIENDS,SOMETIMES,NOT_SURE,SOMETIMES,NO,SOMETIMES,NO,NO,NOT_SURE,SOMETIMES,YES,WITHIN_YEAR,59,74,76,53,64,48,87,38,61,38,37,65,HIGH
SYN-00884,average_user,FRIENDS,NO,NO,NO,YES,SOMETIMES,NOT_SURE,NO,YES,PRIVATE,SOMETIMES,NO,SOMETIMES,YES,SOMETIMES,YES,YES,NO,YES,SOMETIMES,WITHIN_YEAR,33,17,50,36,28,16,8,51,40,48,23,31,MODERATE
SYN-00885,oversharer,PUBLIC,NOT_SURE,YES,NOT_SURE,YES,SOMETIMES,NOT_SURE,YES,NOT_SURE,PUBLIC,OFTEN,SOMETIMES,OFTEN,NO,SOMETIMES,NOT_SURE,NO,NOT_SURE,NO,NO,NEVER,80,68,66,82,85,100,80,67,60,89,52,76,CRITICAL
SYN-00886,average_user,FRIENDS,NO,YES,YES,NO,NO,NOT_SURE,NO,NOT_SURE,FRIENDS,NEVER,NO,NEVER,YES,SOMETIMES,YES,YES,NOT_SURE,YES,YES,OVER_A_YEAR,13,56,20,38,12,20,29,51,26,17,21,29,MODERATE
SYN-00887,privacy_conscious,FRIENDS,NO,NO,NO,NO,NO,NO,NO,NO,PRIVATE,SOMETIMES,SOMETIMES,NEVER,YES,SOMETIMES,YES,YES,NO,YES,YES,OVER_A_YEAR,23,0,21,8,9,8,0,41,0,34,10,11,LOW
SYN-00888,average_user,PRIVATE,NO,NOT_SURE,NO,NO,NO,NO,YES,NO,PRIVATE,OFTEN,SOMETIMES,ALWAYS,YES,NOT_SURE,NOT_SURE,NOT_SURE,NOT_SURE,SOMETIMES,YES,WITHIN_3_MONTHS,7,15,35,28,59,0,78,54,19,16,23,34,MODERATE
SYN-00889,average_user,FRIENDS,NO,NO,YES,NO,YES,NO,NO,NO,PRIVATE,SOMETIMES,SOMETIMES,NEVER,NOT_SURE,YES,NOT_SURE,NO,YES,SOMETIMES,NOT_SURE,WITHIN_YEAR,50,17,37,11,13,28,80,9,44,52,23,36,MODERATE
SYN-00890,average_user,NOT_SURE,NO,NO,NO,NOT_SURE,SOMETIMES,NO,NO,NO,FRIENDS,SOMETIMES,SOMETIMES,OFTEN,YES,SOMETIMES,NOT_SURE,YES,NOT_SURE,SOMETIMES,NO,WITHIN_3_MONTHS,66,0,49,55,53,0,37,61,58,56,27,42,HIGH
SYN-00891,privacy_conscious,FRIENDS,NO,NO,NO,NO,NO,NO,NOT_SURE,NO,FRIENDS,NEVER,SOMETIMES,NEVER,YES,YES,YES,YES,NO,SOMETIMES,SOMETIMES,WITHIN_3_MONTHS,20,4,24,21,9,16,6,0,26,12,10,14,LOW
SYN-00892,casual_sharer,FRIENDS,YES,YES,YES,NOT_SURE,SOMETIMES,YES,NOT_SURE,NOT_SURE,PRIVATE,ALWAYS,YES,ALWAYS,NO,SOMETIMES,NO,NO,NOT_SURE,YES,SOMETIMES,OVER_A_YEAR,76,93,68,28,72,87,81,74,42,70,45,70,HIGH
SYN-00893,average_user,PUBLIC,NOT_SURE,NO,NOT_SURE,NOT_SURE,SOMETIMES,NOT_SURE,NOT_SURE,YES,PRIVATE,OFTEN,YES,NEVER,NOT_SURE,YES,NOT_SURE,NOT_SURE,NO,SOMETIMES,YES,WITHIN_YEAR,70,64,59,42,22,28,42,8,41,18,30,45,HIGH
SYN-00894,privacy_conscious,NOT_SURE,NOT_SURE,NO,NO,NO,NO,YES,NO,NO,FRIENDS,NEVER,NO,SOMETIMES,YES,SOMETIMES,YES,YES,NO,NOT_SURE,YES,WITHIN_YEAR,27,43,7,13,15,12,0,34,47,12,13,21,MODERATE
SYN-00895,average_user,PRIVATE,NOT_SURE,NO,NOT_SURE,NO,SOMETIMES,NO,NO,NO,FRIENDS,OFTEN,SOMETIMES,ALWAYS,NOT_SURE,NOT_SURE,NOT_SURE,NO,YES,SOMETIMES,NO,WITHIN_YEAR,23,23,31,44,82,53,86,67,21,62,32,47,HIGH
SYN-00896,average_user,FRIENDS,NOT_SURE,NOT_SURE,NO,NOT_SURE,NO,NOT_SURE,NOT_SURE,NO,FRIENDS,ALWAYS,SOMETIMES,OFTEN,NOT_SURE,SOMETIMES,NOT_SURE,YES,NO,NO,SOMETIMES,OVER_A_YEAR,27,31,55,47,54,72,17,19,51,68,31,41,HIGH
SYN-00897,casual_sharer,FRIENDS,NOT_SURE,NOT_SURE,NO,YES,NOT_SURE,NOT_SURE,YES,NOT_SURE,PUBLIC,ALWAYS,NOT_SURE,SOMETIMES,YES,NO,YES,NO,NO,NOT_SURE,SOMETIMES,WITHIN_YEAR,34,40,67,63,46,0,30,79,48,31,30,45,HIGH
SYN-00898,privacy_conscious,PRIVATE,NO,NO,NO,NO,NO,NO,NO,NOT_SURE,PRIVATE,SOMETIMES,NO,NEVER,YES,YES,NOT_SURE,YES,NO,SOMETIMES,YES,WITHIN_3_MONTHS,7,6,12,8,0,0,31,11,22,0,8,12,LOW
SYN-00899,average_user,PUBLIC,NO,NO,NO,NO,SOMETIMES,NO,NO,NO,PRIVATE,NEVER,SOMETIMES,NEVER,YES,SOMETIMES,NO,YES,NOT_SURE,NOT_SURE,YES,OVER_A_YEAR,89,0,28,0,22,0,56,52,72,45,26,36,MODERATE
SYN-00900,casual_sharer,FRIENDS,NOT_SURE,YES,YES,NOT_SURE,SOMETIMES,NOT_SURE,YES,YES,FRIENDS,SOMETIMES,SOMETIMES,SOMETIMES,NO,SOMETIMES,NO,NO,NO,SOMETIMES,NO,NEVER,60,88,54,55,56,75,46,51,46,92,41,61,HIGH
SYN-00901,privacy_conscious,FRIENDS,NO,NOT_SURE,NOT_SURE,NO,NO,NOT_SURE,NO,NO,PRIVATE,NEVER,NO,NEVER,YES,SOMETIMES,YES,YES,NO,YES,YES,WITHIN_YEAR,20,37,7,11,9,0,0,33,6,18,10,14,LOW
SYN-00902,privacy_conscious,PRIVATE,NO,NO,NO,NO,NO,NO,NOT_SURE,NO,PRIVATE,SOMETIMES,NO,NEVER,YES,YES,YES,NOT_SURE,NO,SOMETIMES,YES,WITHIN_YEAR,0,4,13,0,9,16,11,0,8,12,7,7,LOW
SYN-00903,casual_sharer,PRIVATE,NO,NOT_SURE,NOT_SURE,NOT_SURE,NOT_SURE,NOT_SURE,NOT_SURE,YES,FRIENDS,OFTEN,YES,SOMETIMES,NOT_SURE,SOMETIMES,NO,NOT_SURE,YES,NO,YES,OVER_A_YEAR,0,52,81,39,70,57,83,51,28,27,32,53,HIGH
SYN-00904,average_user,FRIENDS,NO,NO,NO,NO,NO,NO,NO,NO,NOT_SURE,NEVER,NO,NEVER,YES,SOMETIMES,NO,NOT_SURE,NOT_SURE,SOMETIMES,SOMETIMES,OVER_A_YEAR,60,0,6,54,0,12,78,28,76,57,26,36,MODERATE
SYN-00905,average_user,PRIVATE,YES,NOT_SURE,YES,NOT_SURE,NO,NOT_SURE,YES,NO,FRIENDS,OFTEN,SOMETIMES,OFTEN,YES,YES,YES,YES,NO,NOT_SURE,NOT_SURE,OVER_A_YEAR,17,72,37,28,72,0,6,0,58,70,28,38,MODERATE
SYN-00906,privacy_conscious,FRIENDS,YES,NOT_SURE,NOT_SURE,NO,NO,NOT_SURE,NO,NO,PRIVATE,NEVER,SOMETIMES,SOMETIMES,YES,SOMETIMES,NOT_SURE,YES,NOT_SURE,NOT_SURE,SOMETIMES,WITHIN_YEAR,13,58,15,9,38,12,37,43,61,35,22,33,MODERATE
SYN-00907,average_user,FRIENDS,YES,YES,YES,NO,SOMETIMES,NO,YES,NOT_SURE,PUBLIC,OFTEN,YES,ALWAYS,NO,SOMETIMES,NOT_SURE,NOT_SURE,NOT_SURE,SOMETIMES,NO,WITHIN_3_MONTHS,57,65,59,69,78,100,57,70,44,43,41,63,HIGH
SYN-00908,oversharer,PUBLIC,NOT_SURE,NOT_SURE,YES,YES,YES,YES,YES,YES,PUBLIC,ALWAYS,YES,ALWAYS,NO,SOMETIMES,NO,YES,YES,SOMETIMES,SOMETIMES,OVER_A_YEAR,100,86,89,92,92,95,80,81,66,62,49,85,CRITICAL
SYN-00909,casual_sharer,PUBLIC,NO,NO,NO,YES,NOT_SURE,NO,NOT_SURE,NO,PUBLIC,ALWAYS,YES,SOMETIMES,YES,SOMETIMES,NOT_SURE,NOT_SURE,NOT_SURE,SOMETIMES,YES,WITHIN_3_MONTHS,50,4,87,74,65,35,68,44,45,17,33,52,HIGH
SYN-00910,average_user,NOT_SURE,NO,NO,NO,NO,NOT_SURE,NOT_SURE,NOT_SURE,NO,FRIENDS,ALWAYS,SOMETIMES,SOMETIMES,YES,NOT_SURE,YES,YES,YES,YES,SOMETIMES,OVER_A_YEAR,63,23,56,41,37,20,38,58,54,70,35,44,HIGH
SYN-00911,privacy_conscious,FRIENDS,NO,NO,NO,NO,NO,NO,NO,NO,PRIVATE,NEVER,NO,NEVER,YES,YES,YES,YES,NO,YES,YES,WITHIN_YEAR,23,0,0,21,9,8,0,8,8,13,6,8,LOW
SYN-00912,casual_sharer,FRIENDS,NO,NOT_SURE,NOT_SURE,NO,NO,YES,NOT_SURE,NOT_SURE,NOT_SURE,SOMETIMES,SOMETIMES,OFTEN,NOT_SURE,SOMETIMES,NO,NO,YES,NO,NO,WITHIN_YEAR,20,52,29,63,69,48,100,52,92,67,39,60,HIGH
SYN-00913,casual_sharer,PUBLIC,NOT_SURE,NO,NOT_SURE,YES,SOMETIMES,NO,YES,YES,PRIVATE,OFTEN,SOMETIMES,OFTEN,NOT_SURE,SOMETIMES,NO,NO,YES,SOMETIMES,SOMETIMES,OVER_A_YEAR,74,61,60,42,81,67,93,57,58,58,42,67,HIGH
SYN-00914,average_user,FRIENDS,NO,NOT_SURE,NO,YES,YES,NOT_SURE,NO,NO,FRIENDS,SOMETIMES,YES,OFTEN,NOT_SURE,YES,NO,NOT_SURE,NO,NO,SOMETIMES,WITHIN_YEAR,37,14,75,48,51,40,41,23,53,30,28,43,HIGH
SYN-00915,average_user,PRIVATE,YES,NOT_SURE,NO,NO,NO,NOT_SURE,NO,NOT_SURE,PRIVATE,NEVER,SOMETIMES,NEVER,NOT_SURE,YES,YES,YES,NO,NO,SOMETIMES,WITHIN_YEAR,41,62,24,26,0,56,0,53,16,38,23,29,MODERATE
SYN-00916,oversharer,FRIENDS,NOT_SURE,YES,YES,YES,YES,YES,NOT_SURE,NOT_SURE,FRIENDS,OFTEN,YES,SOMETIMES,NO,SOMETIMES,YES,NOT_SURE,NOT_SURE,NO,NO,NEVER,37,85,93,67,72,92,40,61,84,100,45,71,CRITICAL
SYN-00917,privacy_conscious,PRIVATE,NO,NOT_SURE,NO,NO,NO,NO,YES,NO,PRIVATE,NEVER,NO,SOMETIMES,YES,SOMETIMES,YES,YES,NO,SOMETIMES,YES,WITHIN_YEAR,0,15,0,8,15,16,6,60,30,7,10,13,LOW
SYN-00918,casual_sharer,PUBLIC,YES,YES,YES,NOT_SURE,NOT_SURE,YES,YES,YES,FRIENDS,ALWAYS,SOMETIMES,SOMETIMES,NOT_SURE,NO,NO,NOT_SURE,YES,SOMETIMES,SOMETIMES,NEVER,73,100,67,49,59,88,86,45,52,88,45,72,CRITICAL
SYN-00919,privacy_conscious,NOT_SURE,NO,NO,NO,NO,SOMETIMES,NO,NO,NO,FRIENDS,NEVER,NO,OFTEN,YES,YES,YES,YES,NO,SOMETIMES,YES,WITHIN_YEAR,68,0,17,49,41,0,0,0,13,18,13,21,MODERATE
SYN-00920,privacy_conscious,PRIVATE,NO,NO,NO,NO,NOT_SURE,NO,NO,NO,FRIENDS,NEVER,NO,ALWAYS,YES,SOMETIMES,YES,YES,NO,SOMETIMES,SOMETIMES,WITHIN_3_MONTHS,17,0,21,33,47,12,6,28,29,12,14,19,LOW
SYN-00921,average_user,PUBLIC,NO,NOT_SURE,NOT_SURE,NOT_SURE,NOT_SURE,NO,NOT_SURE,NOT_SURE,FRIENDS,OFTEN,SOMETIMES,NEVER,NOT_SURE,SOMETIMES,YES,YES,NO,SOMETIMES,YES,OVER_A_YEAR,70,41,56,49,31,80,0,51,50,33,33,43,HIGH
SYN-00922,average_user,FRIENDS,NOT_SURE,NO,NOT_SURE,NO,SOMETIMES,NO,NO,NO,FRIENDS,SOMETIMES,SOMETIMES,SOMETIMES,YES,SOMETIMES,YES,YES,NO,YES,SOMETIMES,WITHIN_YEAR,13,43,34,47,37,28,0,19,61,55,23,32,MODERATE
SYN-00923,oversharer,NOT_SURE,YES,NOT_SURE,YES,NOT_SURE,NOT_SURE,YES,YES,NOT_SURE,FRIENDS,OFTEN,SOMETIMES,ALWAYS,NO,YES,NOT_SURE,NO,NOT_SURE,NOT_SURE,NO,OVER_A_YEAR,53,90,63,52,85,89,74,40,74,69,48,70,HIGH
SYN-00924,privacy_conscious,PRIVATE,NOT_SURE,NO,NO,NO,NO,NO,NO,NO,PRIVATE,SOMETIMES,NO,NEVER,YES,SOMETIMES,YES,YES,NO,SOMETIMES,YES,WITHIN_YEAR,23,12,12,13,0,0,0,19,14,19,7,10,LOW
SYN-00925,average_user,PRIVATE,NO,NOT_SURE,NOT_SURE,NO,NOT_SURE,NO,NO,NO,PRIVATE,SOMETIMES,NO,NEVER,NOT_SURE,SOMETIMES,NO,NOT_SURE,YES,SOMETIMES,NO,WITHIN_YEAR,39,19,19,34,0,56,68,77,34,47,25,36,MODERATE
SYN-00926,oversharer,PUBLIC,NOT_SURE,NOT_SURE,YES,YES,SOMETIMES,YES,NOT_SURE,YES,FRIENDS,SOMETIMES,YES,SOMETIMES,NOT_SURE,NO,NO,NOT_SURE,YES,SOMETIMES,NO,OVER_A_YEAR,91,83,74,68,68,41,95,95,71,85,48,79,CRITICAL
SYN-00927,casual_sharer,PUBLIC,YES,NOT_SURE,YES,YES,YES,YES,YES,YES,FRIENDS,OFTEN,YES,OFTEN,YES,NOT_SURE,NOT_SURE,NO,YES,NO,NOT_SURE,WITHIN_YEAR,93,94,93,50,78,36,81,79,85,60,46,80,CRITICAL
SYN-00928,average_user,NOT_SURE,NOT_SURE,NO,YES,NO,NO,NOT_SURE,NO,NO,FRIENDS,NEVER,NO,OFTEN,YES,YES,NO,NOT_SURE,YES,YES,NOT_SURE,NEVER,33,36,6,36,41,0,86,0,5,85,22,35,MODERATE
SYN-00929,average_user,FRIENDS,YES,NOT_SURE,NOT_SURE,NO,SOMETIMES,NOT_SURE,NO,YES,PRIVATE,NEVER,NO,ALWAYS,YES,SOMETIMES,NOT_SURE,YES,NOT_SURE,NOT_SURE,SOMETIMES,WITHIN_YEAR,42,68,26,53,91,0,49,70,65,19,30,51,HIGH
SYN-00930,average_user,NOT_SURE,YES,NO,NO,YES,NOT_SURE,NOT_SURE,NOT_SURE,NO,FRIENDS,OFTEN,YES,OFTEN,NO,NO,NOT_SURE,NOT_SURE,NOT_SURE,YES,SOMETIMES,WITHIN_YEAR,69,43,73,28,41,68,69,95,18,35,33,53,HIGH
SYN-00931,average_user,PRIVATE,YES,NOT_SURE,NO,NO,SOMETIMES,NOT_SURE,NO,NO,PUBLIC,ALWAYS,NO,NEVER,NOT_SURE,SOMETIMES,NO,YES,NO,SOMETIMES,SOMETIMES,WITHIN_3_MONTHS,13,35,44,66,18,56,36,38,51,12,24,37,MODERATE
SYN-00932,privacy_conscious,FRIENDS,NOT_SURE,NO,NO,NO,NO,NO,NO,NO,PRIVATE,NEVER,SOMETIMES,SOMETIMES,YES,YES,NOT_SURE,NOT_SURE,YES,YES,YES,WITHIN_3_MONTHS,13,12,30,0,15,0,84,42,5,22,13,25,MODERATE
SYN-00933,oversharer,NOT_SURE,YES,YES,YES,YES,SOMETIMES,YES,YES,YES,PUBLIC,OFTEN,NOT_SURE,OFTEN,NOT_SURE,SOMETIMES,NO,YES,NOT_SURE,NO,SOMETIMES,OVER_A_YEAR,87,100,61,66,81,77,62,77,83,62,48,76,CRITICAL
SYN-00934,privacy_conscious,PRIVATE,NO,NO,NOT_SURE,NO,NO,NO,NO,NO,FRIENDS,NEVER,SOMETIMES,NEVER,YES,SOMETIMES,YES,YES,NO,SOMETIMES,YES,OVER_A_YEAR,13,10,9,23,12,0,0,26,21,21,10,12,LOW
SYN-00935,oversharer,FRIENDS,YES,YES,NOT_SURE,YES,YES,NOT_SURE,NOT_SURE,YES,PUBLIC,ALWAYS,YES,ALWAYS,NO,NO,NO,NOT_SURE,YES,SOMETIMES,SOMETIMES,OVER_A_YEAR,62,78,90,74,83,92,89,95,68,73,51,80,CRITICAL
SYN-00936,average_user,FRIENDS,YES,YES,NOT_SURE,NOT_SURE,NOT_SURE,YES,YES,NOT_SURE,FRIENDS,NEVER,SOMETIMES,NEVER,YES,YES,NOT_SURE,NOT_SURE,NOT_SURE,SOMETIMES,SOMETIMES,OVER_A_YEAR,20,68,40,41,12,0,69,32,14,55,28,40,MODERATE
SYN-00937,average_user,PUBLIC,NO,NO,NO,NO,SOMETIMES,NO,NO,NOT_SURE,FRIENDS,ALWAYS,SOMETIMES,OFTEN,NOT_SURE,SOMETIMES,YES,YES,NO,SOMETIMES,SOMETIMES,WITHIN_3_MONTHS,63,6,50,49,62,83,0,51,26,54,28,38,MODERATE
SYN-00938,average_user,FRIENDS,NO,YES,NOT_SURE,NO,NOT_SURE,NO,NO,NOT_SURE,PRIVATE,SOMETIMES,NOT_SURE,SOMETIMES,YES,YES,YES,YES,NO,NO,SOMETIMES,NEVER,37,51,45,18,37,40,18,0,81,52,26,39,MODERATE
SYN-00939,casual_sharer,FRIENDS,NOT_SURE,NOT_SURE,YES,NO,SOMETIMES,NOT_SURE,NOT_SURE,YES,PUBLIC,OFTEN,SOMETIMES,OFTEN,NO,SOMETIMES,NO,NOT_SURE,NOT_SURE,SOMETIMES,SOMETIMES,OVER_A_YEAR,59,71,50,69,63,65,76,71,71,68,47,66,HIGH
SYN-00940,oversharer,FRIENDS,YES,YES,YES,YES,YES,NOT_SURE,NOT_SURE,YES,FRIENDS,OFTEN,YES,OFTEN,NO,NO,NOT_SURE,NO,NOT_SURE,SOMETIMES,SOMETIMES,WITHIN_YEAR,67,85,87,47,91,81,80,92,60,44,46,75,CRITICAL
SYN-00941,average_user,PRIVATE,NO,NO,NO,NO,NOT_SURE,NO,NO,NO,PRIVATE,NEVER,SOMETIMES,OFTEN,NO,YES,YES,YES,NO,YES,NOT_SURE,WITHIN_YEAR,11,0,43,21,78,60,32,38,18,29,22,30,MODERATE
SYN-00942,oversharer,PUBLIC,YES,YES,YES,YES,NO,YES,YES,YES,FRIENDS,OFTEN,SOMETIMES,ALWAYS,NO,SOMETIMES,NO,NO,NOT_SURE,NOT_SURE,NO,NEVER,93,100,61,47,72,100,69,60,76,96,49,76,CRITICAL
SYN-00943,privacy_conscious,FRIENDS,NO,NO,NO,NOT_SURE,NO,NO,NO,NO,PRIVATE,SOMETIMES,SOMETIMES,SOMETIMES,YES,YES,YES,YES,NOT_SURE,YES,YES,WITHIN_3_MONTHS,13,0,31,16,28,0,14,8,6,0,7,13,LOW
SYN-00944,average_user,FRIENDS,NO,YES,NO,YES,SOMETIMES,NO,NOT_SURE,NO,NOT_SURE,SOMETIMES,NOT_SURE,SOMETIMES,NOT_SURE,SOMETIMES,NO,YES,NOT_SURE,YES,YES,WITHIN_YEAR,37,18,63,19,24,28,59,36,8,29,22,34,MODERATE
SYN-00945,average_user,FRIENDS,YES,NOT_SURE,YES,NO,SOMETIMES,YES,NOT_SURE,YES,PRIVATE,OFTEN,SOMETIMES,OFTEN,NOT_SURE,NO,NOT_SURE,NO,NOT_SURE,SOMETIMES,NOT_SURE,WITHIN_YEAR,52,92,40,8,50,67,68,79,62,52,36,57,HIGH
SYN-00946,average_user,NOT_SURE,NO,NO,NOT_SURE,NO,NO,NO,NO,NOT_SURE,FRIENDS,SOMETIMES,NOT_SURE,SOMETIMES,YES,NO,YES,YES,NOT_SURE,NO,YES,WITHIN_YEAR,33,29,41,33,72,16,23,56,71,42,26,41,HIGH
SYN-00947,privacy_conscious,PRIVATE,NO,NO,NOT_SURE,NO,NO,NO,NO,NO,FRIENDS,OFTEN,NO,NEVER,YES,YES,NOT_SURE,YES,NO,YES,YES,WITHIN_YEAR,0,10,17,36,12,0,23,0,9,7,9,14,LOW
SYN-00948,average_user,FRIENDS,NOT_SURE,YES,NOT_SURE,NO,SOMETIMES,NO,NOT_SURE,NO,FRIENDS,SOMETIMES,SOMETIMES,SOMETIMES,YES,SOMETIMES,NO,NO,NOT_SURE,NOT_SURE,SOMETIMES,NEVER,23,53,32,55,28,27,83,61,30,62,29,46,HIGH
SYN-00949,privacy_conscious,PUBLIC,NO,NO,YES,NO,NO,NOT_SURE,NO,NO,NOT_SURE,SOMETIMES,NO,NEVER,YES,SOMETIMES,YES,NO,NOT_SURE,SOMETIMES,SOMETIMES,WITHIN_3_MONTHS,53,23,12,19,0,0,47,36,21,18,13,24,MODERATE
SYN-00950,average_user,PRIVATE,NOT_SURE,NO,NO,NO,NOT_SURE,NOT_SURE,NOT_SURE,NO,NOT_SURE,NEVER,NO,OFTEN,NOT_SURE,SOMETIMES,NO,YES,NO,NOT_SURE,SOMETIMES,WITHIN_YEAR,17,35,21,45,50,61,41,67,79,58,34,43,HIGH
SYN-00951,oversharer,PUBLIC,NOT_SURE,YES,NOT_SURE,NO,YES,YES,YES,YES,PUBLIC,SOMETIMES,YES,SOMETIMES,NO,NO,NO,NOT_SURE,YES,NO,SOMETIMES,OVER_A_YEAR,90,85,73,72,54,95,89,69,97,72,47,80,CRITICAL
SYN-00952,average_user,FRIENDS,NOT_SURE,YES,NOT_SURE,YES,NO,YES,YES,YES,FRIENDS,OFTEN,YES,OFTEN,NOT_SURE,SOMETIMES,NOT_SURE,NOT_SURE,NO,SOMETIMES,YES,WITHIN_YEAR,80,85,63,39,69,40,45,72,52,40,40,61,HIGH
SYN-00953,average_user,NOT_SURE,YES,YES,NOT_SURE,NO,NOT_SURE,YES,NOT_SURE,NOT_SURE,FRIENDS,SOMETIMES,SOMETIMES,OFTEN,YES,YES,NO,NOT_SURE,NOT_SURE,SOMETIMES,NO,WITHIN_YEAR,61,78,49,48,74,0,64,38,47,58,38,56,HIGH
SYN-00954,casual_sharer,NOT_SURE,NO,NO,NO,YES,YES,NO,NOT_SURE,NO,FRIENDS,OFTEN,NO,NEVER,YES,SOMETIMES,NOT_SURE,YES,NO,SOMETIMES,SOMETIMES,NEVER,72,4,61,55,50,8,35,71,54,58,33,45,HIGH
SYN-00955,privacy_conscious,FRIENDS,NO,NO,NOT_SURE,NO,NO,NO,NO,NO,FRIENDS,SOMETIMES,SOMETIMES,SOMETIMES,NO,YES,YES,YES,NOT_SURE,YES,YES,WITHIN_YEAR,13,10,26,36,15,92,29,14,0,18,15,22,MODERATE
SYN-00956,oversharer,FRIENDS,YES,YES,YES,YES,NOT_SURE,NOT_SURE,YES,YES,NOT_SURE,OFTEN,SOMETIMES,OFTEN,NO,SOMETIMES,YES,NOT_SURE,NOT_SURE,NO,NO,NEVER,73,96,71,61,72,100,42,72,67,79,47,71,CRITICAL
SYN-00957,casual_sharer,PUBLIC,NOT_SURE,NOT_SURE,YES,NOT_SURE,YES,NO,NO,YES,PUBLIC,OFTEN,SOMETIMES,SOMETIMES,NO,SOMETIMES,YES,NO,NOT_SURE,NOT_SURE,NOT_SURE,OVER_A_YEAR,40,61,65,73,54,95,53,70,75,66,41,63,HIGH
SYN-00958,average_user,FRIENDS,NO,YES,NOT_SURE,NO,SOMETIMES,NOT_SURE,NO,YES,FRIENDS,NEVER,SOMETIMES,SOMETIMES,NOT_SURE,NOT_SURE,NO,NO,YES,YES,SOMETIMES,OVER_A_YEAR,69,53,35,28,15,44,96,58,21,49,30,48,HIGH
SYN-00959,privacy_conscious,FRIENDS,NO,NO,NO,NOT_SURE,NOT_SURE,NO,NOT_SURE,NO,NOT_SURE,NEVER,SOMETIMES,SOMETIMES,YES,SOMETIMES,YES,YES,NO,YES,YES,WITHIN_YEAR,13,4,45,29,15,0,0,19,13,7,8,16,LOW
SYN-00960,average_user,FRIENDS,NOT_SURE,NO,NOT_SURE,NOT_SURE,NO,NO,YES,NO,FRIENDS,NEVER,SOMETIMES,SOMETIMES,YES,SOMETIMES,NO,NOT_SURE,NOT_SURE,SOMETIMES,YES,WITHIN_YEAR,54,42,18,56,28,12,76,67,38,13,29,43,HIGH
SYN-00961,average_user,NOT_SURE,NO,NO,NOT_SURE,YES,YES,YES,NOT_SURE,YES,PRIVATE,ALWAYS,SOMETIMES,OFTEN,YES,SOMETIMES,YES,YES,NO,SOMETIMES,SOMETIMES,OVER_A_YEAR,67,48,76,42,50,8,0,45,27,46,30,42,HIGH
SYN-00962,average_user,PUBLIC,NOT_SURE,NO,YES,NO,NO,NOT_SURE,YES,NOT_SURE,PUBLIC,SOMETIMES,NO,OFTEN,YES,YES,YES,YES,NO,YES,SOMETIMES,WITHIN_YEAR,96,70,19,76,76,13,0,8,46,30,27,45,HIGH
SYN-00963,casual_sharer,FRIENDS,YES,NO,NOT_SURE,YES,YES,YES,NOT_SURE,NOT_SURE,PUBLIC,OFTEN,YES,SOMETIMES,NO,SOMETIMES,NOT_SURE,NO,YES,SOMETIMES,SOMETIMES,OVER_A_YEAR,27,52,87,82,62,84,71,58,43,60,41,63,HIGH
SYN-00964,privacy_conscious,PRIVATE,NO,NO,NOT_SURE,NO,NO,NO,NO,NO,PRIVATE,SOMETIMES,NO,NEVER,YES,SOMETIMES,YES,YES,NO,YES,YES,WITHIN_3_MONTHS,51,10,12,28,12,0,0,19,17,0,11,15,LOW
SYN-00965,casual_sharer,FRIENDS,YES,NO,NOT_SURE,YES,NOT_SURE,NO,NOT_SURE,YES,PUBLIC,SOMETIMES,NOT_SURE,OFTEN,YES,NO,NOT_SURE,NOT_SURE,NO,SOMETIMES,NO,OVER_A_YEAR,31,58,45,76,41,52,42,86,62,89,38,54,HIGH
SYN-00966,oversharer,PUBLIC,NO,NOT_SURE,NOT_SURE,YES,SOMETIMES,NOT_SURE,NOT_SURE,NOT_SURE,PUBLIC,OFTEN,NO,SOMETIMES,NO,SOMETIMES,NOT_SURE,NO,YES,SOMETIMES,YES,NEVER,63,56,59,76,78,75,89,67,78,76,45,71,CRITICAL
SYN-00967,average_user,PUBLIC,YES,YES,NO,NO,NO,NO,YES,NOT_SURE,PUBLIC,SOMETIMES,NO,SOMETIMES,YES,SOMETIMES,YES,NOT_SURE,NO,SOMETIMES,SOMETIMES,OVER_A_YEAR,77,60,12,53,55,16,11,59,48,70,30,43,HIGH
SYN-00968,average_user,PRIVATE,NO,NO,NO,NOT_SURE,YES,NOT_SURE,YES,YES,PUBLIC,SOMETIMES,SOMETIMES,OFTEN,YES,NOT_SURE,NOT_SURE,NO,YES,SOMETIMES,NOT_SURE,WITHIN_3_MONTHS,7,23,61,86,74,27,74,58,70,29,31,53,HIGH
SYN-00969,privacy_conscious,PRIVATE,NO,NO,NO,NO,NO,NO,NO,NO,NOT_SURE,NEVER,NO,OFTEN,YES,NOT_SURE,YES,YES,NO,YES,SOMETIMES,WITHIN_3_MONTHS,7,0,0,53,72,0,6,26,8,12,13,17,LOW
SYN-00970,average_user,FRIENDS,NOT_SURE,YES,NOT_SURE,NOT_SURE,SOMETIMES,YES,YES,YES,FRIENDS,SOMETIMES,SOMETIMES,ALWAYS,YES,NO,YES,NO,NO,NO,SOMETIMES,WITHIN_3_MONTHS,20,85,54,47,59,8,16,78,77,41,34,50,HIGH
SYN-00971,average_user,PRIVATE,NO,NOT_SURE,NO,NO,SOMETIMES,NO,NOT_SURE,NO,NOT_SURE,OFTEN,NO,OFTEN,NOT_SURE,YES,YES,YES,NO,NOT_SURE,SOMETIMES,WITHIN_3_MONTHS,46,25,37,53,69,64,20,34,41,18,29,39,MODERATE
SYN-00972,average_user,FRIENDS,YES,NOT_SURE,YES,NOT_SURE,SOMETIMES,NO,YES,NOT_SURE,PRIVATE,SOMETIMES,NOT_SURE,NEVER,YES,YES,NOT_SURE,YES,NO,NO,NO,NEVER,27,59,50,28,46,35,17,0,47,95,28,40,MODERATE
SYN-00973,casual_sharer,NOT_SURE,YES,YES,YES,NO,SOMETIMES,YES,YES,NOT_SURE,NOT_SURE,SOMETIMES,SOMETIMES,NEVER,NO,SOMETIMES,NOT_SURE,NO,NO,SOMETIMES,NOT_SURE,NEVER,82,96,40,69,44,76,47,67,66,67,44,64,HIGH
SYN-00974,casual_sharer,PUBLIC,YES,NOT_SURE,YES,NOT_SURE,YES,YES,YES,YES,PUBLIC,OFTEN,NOT_SURE,SOMETIMES,NOT_SURE,NOT_SURE,NO,NOT_SURE,YES,NOT_SURE,SOMETIMES,OVER_A_YEAR,100,94,79,84,15,77,89,55,68,58,45,76,CRITICAL
SYN-00975,average_user,FRIENDS,NOT_SURE,NOT_SURE,NOT_SURE,YES,NO,NO,NO,NOT_SURE,PRIVATE,SOMETIMES,SOMETIMES,SOMETIMES,YES,SOMETIMES,NOT_SURE,NOT_SURE,NOT_SURE,YES,SOMETIMES,OVER_A_YEAR,13,37,37,26,28,12,72,51,33,65,28,38,MODERATE
SYN-00976,privacy_conscious,PRIVATE,NO,NO,NOT_SURE,NO,SOMETIMES,NOT_SURE,NO,NO,FRIENDS,SOMETIMES,NO,NEVER,YES,SOMETIMES,NOT_SURE,NOT_SURE,NOT_SURE,YES,YES,WITHIN_YEAR,7,17,23,57,22,12,69,58,5,24,20,30,MODERATE
SYN-00977,privacy_conscious,PRIVATE,NO,NO,NO,NO,SOMETIMES,NO,NO,NO,NOT_SURE,SOMETIMES,NO,NEVER,YES,SOMETIMES,YES,YES,NO,SOMETIMES,YES,WITHIN_3_MONTHS,0,0,30,35,22,0,0,28,53,0,12,17,LOW
SYN-00978,oversharer,PUBLIC,YES,YES,YES,YES,YES,YES,YES,NOT_SURE,FRIENDS,ALWAYS,YES,ALWAYS,NO,SOMETIMES,NO,NO,NOT_SURE,NO,NO,NEVER,100,96,84,47,78,95,81,64,75,63,49,80,CRITICAL
SYN-00979,privacy_conscious,PRIVATE,NO,NOT_SURE,NO,NO,NO,NO,NOT_SURE,NO,PRIVATE,SOMETIMES,NOT_SURE,NEVER,YES,YES,YES,YES,NO,YES,YES,WITHIN_YEAR,0,12,30,0,0,28,14,17,21,19,11,14,LOW
SYN-00980,casual_sharer,PUBLIC,NOT_SURE,NOT_SURE,NO,NO,NO,NOT_SURE,NO,NO,FRIENDS,SOMETIMES,SOMETIMES,ALWAYS,NO,NO,NOT_SURE,YES,YES,SOMETIMES,SOMETIMES,OVER_A_YEAR,86,48,29,58,85,87,59,91,19,69,37,58,HIGH
SYN-00981,average_user,PRIVATE,NOT_SURE,NO,YES,NO,SOMETIMES,YES,NOT_SURE,NOT_SURE,PRIVATE,NEVER,SOMETIMES,SOMETIMES,YES,NOT_SURE,NOT_SURE,NOT_SURE,NO,SOMETIMES,NOT_SURE,OVER_A_YEAR,37,71,28,26,50,0,34,77,51,55,34,43,HIGH
SYN-00982,average_user,FRIENDS,NO,NO,NO,YES,SOMETIMES,NO,NO,NO,FRIENDS,OFTEN,SOMETIMES,SOMETIMES,YES,SOMETIMES,YES,NOT_SURE,YES,YES,NOT_SURE,WITHIN_YEAR,59,0,66,48,55,27,47,53,17,53,28,42,HIGH
SYN-00983,average_user,NOT_SURE,NO,NO,NO,NOT_SURE,NO,NO,NO,NO,FRIENDS,NEVER,NO,ALWAYS,NO,SOMETIMES,YES,YES,NO,SOMETIMES,SOMETIMES,WITHIN_3_MONTHS,37,0,22,49,47,68,6,38,31,60,24,29,MODERATE
SYN-00984,oversharer,PUBLIC,YES,YES,YES,YES,YES,YES,YES,YES,FRIENDS,ALWAYS,YES,OFTEN,NO,NO,NO,NOT_SURE,NOT_SURE,SOMETIMES,NO,NEVER,100,92,96,65,85,89,82,91,78,75,50,86,CRITICAL
SYN-00985,privacy_conscious,FRIENDS,NO,NO,NO,NO,SOMETIMES,NO,NO,NOT_SURE,PRIVATE,NEVER,SOMETIMES,SOMETIMES,YES,YES,YES,YES,YES,NOT_SURE,YES,WITHIN_YEAR,20,6,26,11,15,0,30,9,64,24,14,22,MODERATE
SYN-00986,average_user,FRIENDS,NOT_SURE,YES,NOT_SURE,NO,YES,NOT_SURE,NOT_SURE,YES,PUBLIC,SOMETIMES,NOT_SURE,OFTEN,YES,SOMETIMES,NO,NO,NOT_SURE,YES,SOMETIMES,OVER_A_YEAR,67,70,60,47,51,20,87,57,58,39,37,61,HIGH
SYN-00987,casual_sharer,FRIENDS,YES,YES,YES,YES,YES,YES,YES,YES,FRIENDS,OFTEN,YES,OFTEN,NOT_SURE,NOT_SURE,YES,NOT_SURE,YES,YES,NOT_SURE,OVER_A_YEAR,52,100,93,56,50,77,53,89,26,77,43,67,HIGH
SYN-00988,oversharer,PUBLIC,YES,YES,YES,YES,SOMETIMES,YES,YES,YES,PUBLIC,ALWAYS,NOT_SURE,SOMETIMES,NO,NOT_SURE,NO,NO,YES,SOMETIMES,NO,NEVER,93,100,74,94,64,100,100,75,88,79,51,88,CRITICAL
SYN-00989,privacy_conscious,FRIENDS,NO,NO,NO,NO,NO,NO,NO,NO,FRIENDS,NEVER,NO,SOMETIMES,YES,YES,YES,YES,NO,SOMETIMES,SOMETIMES,WITHIN_3_MONTHS,13,0,6,54,37,0,12,14,19,12,10,16,LOW
SYN-00990,average_user,PRIVATE,NO,NO,NO,NO,SOMETIMES,NO,NO,NO,NOT_SURE,NEVER,NOT_SURE,NEVER,YES,YES,YES,YES,NO,SOMETIMES,SOMETIMES,WITHIN_3_MONTHS,10,0,48,53,0,16,0,0,35,22,15,19,LOW
SYN-00991,privacy_conscious,PRIVATE,NO,NO,NOT_SURE,NO,NO,NO,NO,NO,PRIVATE,NEVER,SOMETIMES,NEVER,YES,SOMETIMES,YES,YES,NO,SOMETIMES,SOMETIMES,OVER_A_YEAR,7,10,15,11,12,28,18,26,8,39,13,15,LOW
SYN-00992,oversharer,PUBLIC,NO,YES,YES,NOT_SURE,SOMETIMES,YES,YES,YES,PUBLIC,ALWAYS,SOMETIMES,ALWAYS,NO,SOMETIMES,NO,NO,YES,NOT_SURE,SOMETIMES,WITHIN_YEAR,93,79,70,83,100,100,96,62,71,71,49,83,CRITICAL
SYN-00993,average_user,NOT_SURE,NO,NOT_SURE,NO,NO,SOMETIMES,NO,NO,NO,PRIVATE,SOMETIMES,SOMETIMES,SOMETIMES,YES,SOMETIMES,YES,YES,NO,YES,SOMETIMES,WITHIN_YEAR,66,8,45,16,37,0,0,19,31,56,21,27,MODERATE
SYN-00994,casual_sharer,FRIENDS,NO,NO,NO,NO,SOMETIMES,NO,NO,NOT_SURE,FRIENDS,OFTEN,SOMETIMES,SOMETIMES,YES,SOMETIMES,NO,YES,NOT_SURE,YES,SOMETIMES,OVER_A_YEAR,66,6,50,57,43,13,50,47,54,59,30,44,HIGH
SYN-00995,average_user,FRIENDS,NO,NO,NO,NOT_SURE,SOMETIMES,NO,NO,NO,PUBLIC,SOMETIMES,SOMETIMES,OFTEN,NOT_SURE,YES,YES,YES,NOT_SURE,YES,SOMETIMES,OVER_A_YEAR,27,0,43,68,67,77,20,0,39,56,28,36,MODERATE
SYN-00996,casual_sharer,PRIVATE,NOT_SURE,YES,NOT_SURE,NO,SOMETIMES,NOT_SURE,YES,YES,PUBLIC,ALWAYS,SOMETIMES,SOMETIMES,NOT_SURE,SOMETIMES,NOT_SURE,NO,NOT_SURE,SOMETIMES,SOMETIMES,WITHIN_YEAR,7,81,41,77,78,83,56,69,46,41,36,57,HIGH
SYN-00997,oversharer,PUBLIC,YES,NOT_SURE,YES,YES,YES,YES,YES,YES,FRIENDS,ALWAYS,YES,ALWAYS,NO,NO,NO,NO,YES,SOMETIMES,NOT_SURE,NEVER,100,94,96,81,87,100,96,90,84,89,52,92,CRITICAL
SYN-00998,oversharer,PUBLIC,YES,NO,YES,YES,YES,YES,YES,NOT_SURE,PUBLIC,ALWAYS,YES,OFTEN,NO,NO,NO,NO,YES,NOT_SURE,NO,WITHIN_YEAR,90,82,91,100,85,100,96,100,83,75,49,90,CRITICAL
SYN-00999,casual_sharer,PRIVATE,NO,YES,NO,YES,YES,NOT_SURE,NO,YES,FRIENDS,SOMETIMES,SOMETIMES,ALWAYS,NOT_SURE,SOMETIMES,NOT_SURE,NO,YES,NO,NOT_SURE,WITHIN_YEAR,67,51,66,68,72,72,93,72,66,63,43,69,HIGH
SYN-01000,oversharer,FRIENDS,YES,YES,YES,NOT_SURE,YES,YES,NOT_SURE,YES,PUBLIC,OFTEN,SOMETIMES,OFTEN,YES,SOMETIMES,NOT_SURE,NOT_SURE,NOT_SURE,NOT_SURE,NOT_SURE,OVER_A_YEAR,66,97,81,74,72,27,71,67,78,44,43,73,CRITICAL
